comment_text,true_label,pred_label,true_label_nome,pred_label_nome
"Muito triste, que Deus conforte os familiares desse senhor",1,1,neutro,neutro
Faltou cÃ£es e balas,1,1,neutro,neutro
Eu cheguei atÃ© o fim,1,1,neutro,neutro
Eu estou assustada,1,1,neutro,neutro
Essa I.A cheirou muito pÃ³.ğŸ’€,0,1,negativo,neutro
Essa histÃ³ria tÃ¡ sinistra em,1,1,neutro,neutro
"Uma junta mÃ©dica veterinÃ¡ria, mais uma equipe de policiais, e mais a imprensa PREOCUPADA COM O ESTADO DE SAÃšDE DA ONÃ‡A, depois de engolir o caseiro?!?<br>A ONÃ‡A passou por exames de ressonÃ¢ncia magnÃ©tica, tomografia computadorizada, exame psicolÃ³gico para saber se o comportamento psicolÃ³gico DA ONÃ‡A mudou ou nÃ£o depois de ter engolido caseiro.!!ğŸ˜‚",1,1,neutro,neutro
"Ã‰, brinco , morreu...! Onde nÃ£o tem esses animais o IBAMA estÃ¡ soltando. Quando vÃ£o soltar no tal planalto central lÃ¡ tem muita presa como ministros, senador...",1,1,neutro,neutro
ğŸ˜¢achou que a onÃ§a nÃ£o ia ataca-lo,1,1,neutro,neutro
Eu quero saber sobre o caso do Jorge e da OnÃ§a porque atÃ© agora ninguÃ©m explica nada e eu quero entender Qual foi o motivo de sotaque a reaÃ§Ã£o desse animal feroz,1,1,neutro,neutro
Agora o Ibama que defende essa merda desse animal indeniza a famÃ­lia onÃ§a nÃ£o presta pra nada nem pra ser predador de javali ela a  nÃ£o ataca nÃ£o e fazer captura e moer na bala no lugar de anestÃ©sico,1,1,neutro,neutro
Mentira nÃ£o foi assim,0,0,negativo,negativo
"Aqui na bahia houve um ataque no inicio do ano em Cafarnaum, Proximo de morro do chapÃ©u",1,1,neutro,neutro
Falta de juÃ­zo??? Criticar Ã© fÃ¡cil nÃ©!! O cara era trabalhador e c tava trabalhando ali Ã© porque foi o que apareceu pra ele,1,1,neutro,neutro
De novo essa histÃ³ria jÃ¡ tÃ¡ chato,0,0,negativo,negativo
@ rapazâ€¦,1,1,neutro,neutro
ğŸ˜¢ MoÃ§o! Morro de medo de virar chiclete de onÃ§a ğŸ˜­ğŸ˜­ğŸ˜­,1,1,neutro,neutro
Que situaÃ§Ã£o triste viu,1,1,neutro,neutro
@@ViiiztorEntÃ£o vocÃª nÃ£o se importaria de se oferecer como alimento para a onÃ§a.,1,1,neutro,neutro
Realmente as queimadas estao trazendo desequilÃ­brio a natureza. Nunca ouvi que uma onÃ§a comesse ser humano.,1,1,neutro,neutro
Ele ia virar almoco da oncağŸ˜…ğŸ˜…ğŸ˜‚ğŸ˜‚,1,1,neutro,neutro
Uma arma carregada,1,1,neutro,neutro
"MoÃ§o, eu prefiro sem sombras de dÃºvida encontrar com uma onÃ§a do que dois caras numa moto",1,1,neutro,neutro
NÃ£o  e a onÃ§a  que estÃ¡  no lugar errado sÃ£o  as pessoas que estÃ£o  no lugar delas!!!,1,1,neutro,neutro
Nunca vi tanto sensualismo barato...,0,1,negativo,neutro
Ela estava fome,1,1,neutro,neutro
"Tem muito biÃ³logo dizendo que onÃ§a NÃƒO ATACA seres humanos, o problema Ã© nÃ£o ter esse bom senso de dizer NÃƒO COSTUMA, quando quem pesquisa descobre que jÃ¡ houveram diversos ataques e inclusive predaÃ§Ã£o.",1,1,neutro,neutro
Solta uma camada de chumbo na costela dele aÃ­ nunca mais ele come gente,1,1,neutro,neutro
"@@robertosilveira2566 mas Ã© geralmente isso que acontece, ele acostuma com as coisas fÃ¡ceis e ai quando nÃ£o dÃ¡ parte para cima. Nos EUA tem muito isso com o urso preto.",1,1,neutro,neutro
"A onÃ§a voltou pro pesqueiro,pq ela queria achar outra presa fÃ¡cil,ela queria outro humano!!!!",1,1,neutro,neutro
Muitas notÃ­cias fake estÃ£o se espalhando.,1,0,neutro,negativo
"Ai depois que mata essa onca,igual a ilustre moca la fez,cercando ela com os cachorros,o povo reclama,tem q passar porva msm,senchegar perto de casa",1,1,neutro,neutro
"Ela fez da quelÃ© lugar o seu territÃ³rio ,e nÃ£o tolerava mas o caseiro ali .por isso  ela voltou .",1,1,neutro,neutro
Animal muito lindo,1,1,neutro,neutro
VocÃª falou tudo meu amigo,2,1,positivo,neutro
Ã“timo vÃ­deo.,2,2,positivo,positivo
"O povo estÃ¡ invadindo o territÃ³rio  dos animais, poriso estÃ¡ acontecendo de os animais  atacarem, e ainda por cima prenderam a onÃ§a, e retiraram ela do habitate dele,isso Ã© o Brasil kkkk",1,1,neutro,neutro
Sou MT seu fÃ£ ğŸ˜Š,1,1,neutro,neutro
"Muito engraÃ§ado, a vida de uma desgraÃ§a dessas vale mais que a de um ser humano",1,1,neutro,neutro
Pede pra eles levar pro quintal da casa deles,1,1,neutro,neutro
"Vcs que fizeram o vÃ­deo, nÃ£o teriam algo melhor para fazerem?Muita maldade com os familiares.",0,1,negativo,neutro
"InacreditÃ¡vel kkkkkk como seres humanos sÃ£o burros, falam que invadimos territÃ³rio dos bicho mais os cara nÃ£o percebe que para morar no barraco que moram vÃ¡rios animais perderam seu lares, sÃ£o hipocritas e burrosâ€¦eu quero Ã© que se foda, se o bicho fornece risco a seres humanos tem que matar mesmo, capaz que vou ficar de papinho de poupar um animal que pode ceifar a vida de um pai, esposo ou filho",1,1,neutro,neutro
SÃ³ bota ela com toucinho,1,1,neutro,neutro
"A onÃ§a era alimentada com frequÃªncia pelos barqueiros da regiÃ£o, que levavam turistas ao local, cobrando por isso. Isso estÃ¡ claro, quando diz que o animal nÃ£o se intimida com a presenÃ§a de pessoas. Infelizmente o ribeirinho foi a vÃ­tima (jÃ¡ anunciada pelo amigo) de uma atividade considerada ILEGAL e inconsequente. Que a polÃ­cia investigue o caso e prendam os barqueiros responsÃ¡veis.",2,1,positivo,neutro
AtravÃ©s das imagens das cÃ¢meras da pra saber se a onÃ§a capiturada Ã© ou nÃ£o a que mantou o Jorge ! Ã‰ sÃ³ analisar as pintas dela.,1,1,neutro,neutro
"NÃ£Ã£Ã£Ã£ onÃ§a nÃ£o ataca ninguÃ©m nÃ£o, essa devia ser uma anomalia daquele do filme Matrix",1,1,neutro,neutro
Muito triste esse acontecimento sÃ³ Deus mesmo no controle de tudo Que Deus conforte os coraÃ§Ãµes de parente amigos familiares nessa hora tÃ£o difÃ­cil ğŸ–¤ğŸ–¤ğŸ–¤.,1,1,neutro,neutro
Se eu morace em um lugar desse nÃ£o deixava de andar com revolver na cintura,1,1,neutro,neutro
Meu Deus misericÃ³rdia,1,1,neutro,neutro
Meu  Deus,1,1,neutro,neutro
Compensa nÃ£o kkk,1,1,neutro,neutro
Tem onÃ§a na Bahia?,1,1,neutro,neutro
E agora serÃ¡ que o IBAMA vai indenizar o caseiro ou vÃ¡ ficar por esquecimento???,1,1,neutro,neutro
"Acho que as imagens nÃ£o vazem, mais a populaÃ§Ã£o precisa saber o que aconteceu na realidade, se ele alimentava ou nÃ£o?<br>O que o povo precisa saber Ã© a verdade",1,1,neutro,neutro
"Ã‰ muita besteira,  para um vÃ­deo sÃ³!",0,0,negativo,negativo
PARABÃ‰NS pelo comentÃ¡rio.<br>Meus SENTIMENTOS a famÃ­lia.,1,1,neutro,neutro
VocÃª tÃªm razÃ£o.<br>Mais a real Ã© essa mesmo amigo.<br>A tendÃªncia Ã© a humanidade crescer e as grandes cidades se estenderem rumo as grandes matas.<br>NÃ£o tÃªm como fugir disso.<br>Claro quÃª aÃ­ nÃ£o foi o caso <br>Mais a realidade Ã© essa.,1,1,neutro,neutro
Deixar Todas QUASE CEGAS Pra Ficarem Fragilizadas e O Ser Humano e O Gado Vacun Sobreviver!,1,1,neutro,neutro
Falando besteira?,1,1,neutro,neutro
ğŸŒğŸŒğŸŒğŸ«ğŸ—ºğŸ†ğŸ”¦ğŸ“¸ğŸ“¹,1,1,neutro,neutro
"Foi triste nÃ© q ninguÃ©m q morrer assimğŸ˜¢,q ele esteja no bom lugar",1,1,neutro,neutro
Igual a minha ex mulher e a sogra junto! TÃ´ correndo ğŸ˜‚ğŸ˜‚ğŸ˜‚ğŸ˜‚,1,1,neutro,neutro
Segundo falam que o caseiro estava deitado e distraÃ­do e nÃ£o foi assim nÃ£o,0,1,negativo,neutro
Enfadonha a animaÃ§Ã£o kkkkk,0,0,negativo,negativo
Culpa do homÃªm ele caÃ§a a comida das onÃ§as e elas vÃªm atrÃ¡s de comida,1,1,neutro,neutro
"comeu carne humana vai  caÃ§ar carne humana sempre..<a href=""UCkszU2WH9gy1mb0dV-11UJg/ygF1XpGUMMjk8gSDrI2wCx""></a><a href=""UCkszU2WH9gy1mb0dV-11UJg/ygF1XpGUMMjk8gSDrI2wCx""></a><a href=""UCkszU2WH9gy1mb0dV-11UJg/ygF1XpGUMMjk8gSDrI2wCx""></a><a href=""UCkszU2WH9gy1mb0dV-11UJg/ygF1XpGUMMjk8gSDrI2wCx""></a><a href=""UCkszU2WH9gy1mb0dV-11UJg/ygF1XpGUMMjk8gSDrI2wCx""></a><a href=""UCkszU2WH9gy1mb0dV-11UJg/ygF1XpGUMMjk8gSDrI2wCx""></a>",0,1,negativo,neutro
Nas imagens nÃ£o foi assim,0,0,negativo,negativo
"Infelizmente se nÃ£o tiver uma arma para se defender Ã© impossÃ­vel sobreviver ao ataque, jÃ¡ estive no mato grosso e ouvi vÃ¡rias histÃ³rias de ataques de onÃ§a.",1,1,neutro,neutro
â€‹@@Andre-1porque tudo Ã© Deus na nossa vida,1,1,neutro,neutro
"Se as pessoas contarem com essa maldita proteÃ§Ã£o aos animais, nÃ£o deixando que se mate essas pragas, o que vai acontecer Ã© que os animais os animais selvagens vÃ£o buscar as pessoas dentro da casa das pessoas.<br>NÃ£o sÃ£o os animais que tem que ser protegidos, e sim as pessoas.",1,1,neutro,neutro
Pela onÃ§a,1,1,neutro,neutro
Meu Deus!!! <br>Q tristeza.,1,1,neutro,neutro
ParabÃ©ns Ã  reportagem! Meus sentimentos Ã  famÃ­lia!,2,2,positivo,positivo
@wagnerlima-137wfÂ ???? Os caras sÃ£o biÃ³logos.  Vc Ã© louco?,1,1,neutro,neutro
"@@NormeliaFatima porque consciencia pesada!? nao foi ele que matou foi a onÃ§a.<br>ele deve estar e triste, deprimido por perder uma pessoa querida!",1,1,neutro,neutro
"A prioridade Ã© totalmente para a proteÃ§Ã£o do animal , o ser humano que se ferre. Valores invertidos .",1,1,neutro,neutro
"Nao foi assim ! Relato do sobrinho por audio disse que o seu jorge viu a onÃ§a  , tentou voltar p casa , ela atalhou ele , ele tentou ir pro barco novamente, ela bloqueou de novo e ja atacou no rosto dele",0,0,negativo,negativo
Tem que deixa o Lula mora aÃ­ um dias ğŸ˜…ğŸ˜…ğŸ˜…ğŸ˜…,1,1,neutro,neutro
a onÃ§a levando o cara no  braÃ§o no final. kkkkk meu deus do cÃ©u.,0,1,negativo,neutro
Faminta?,1,1,neutro,neutro
"VocÃª errou,  pois o homem chegou primeiro, onÃ§a nÃ£o perdeu espaÃ§o nada pois mais â• de  80% do territÃ³rio brasileiro Ã© coberto de vegetaÃ§Ã£o, para de mentir e diz a verdade , onÃ§a e predador e vai atacar sempre que lhe interessar.",1,1,neutro,neutro
"Sim, mesmo porque somos racionais nÃ©? A nÃ³s Deus deu o dom do medo que Ã© esse dom que previne nossas vidas!!!",1,1,neutro,neutro
Alimentou a onÃ§a e a onÃ§a foi atrÃ¡s de alimento.,1,1,neutro,neutro
"Rapaz nÃ£o,  um Senhor de idade precisando trabalhar,  sozinho num local perigoso, sem arma , sem cÃ£es,  sem companhia.  Muito triste",1,1,neutro,neutro
E vc sabe?,1,1,neutro,neutro
"Quem mora afastado da cidade ,e necessario ter armas e andar com elas no  sÃ­tio!..",1,1,neutro,neutro
Meu pezami,1,1,neutro,neutro
O que Ã© cevada ?,1,1,neutro,neutro
Ã‰ que a piada foi ruim mesmo... Hahhahahaahhqahahaahahahhahqhqhqqh,1,1,neutro,neutro
OmÃ§a boa e onÃ§a morta.. daÃ­ vem os biÃ³logos fala nÃ£o onÃ§a nÃ£o ataca seres humanos.. humanos nÃ£o faz parte da cadeia alimentar dela.. Meu ovo...,1,1,neutro,neutro
"EstÃ£o destruindo a floresta q Ã©  o espaÃ§o dos animais silvestres por dinheiro, e quem troca vidas por dinheiro Ã© judas e o fim Ã© esse.ğŸ˜®ğŸ˜®",1,1,neutro,neutro
"MisericÃ³rdia, que morte mais triste ğŸ˜¢ğŸ˜¢",1,1,neutro,neutro
Tamparam a cara dela porque? Ã‰ menor de idade?,1,1,neutro,neutro
O pior Ã© o homem que se matam e matam todos os dias seres humanos de todas as formas e tipos,1,1,neutro,neutro
Meus sentimentos aos familiares,1,1,neutro,neutro
Reportagem bem explicado e nos faz entender que a natureza Ã© linda e que sÃ£o o habitat dos animais devemos respeitar foi uma fatalidade ela foi capiturada mas ainda tem muito mais entÃ£o jÃ¡ serve de alerta ele sabia que isso poderia acontecer a todo momento infelizmente Ã© mesmo assim continuou com a convivÃªncia no local Ã© triste mas essa Ã© a lei da natureza meus sentimentos a famÃ­lia,2,2,positivo,positivo
a sua casa era o que antes de ser construida?,1,1,neutro,neutro
A minha professora falou isso e estou curiosa agora que eu vi Ã© um perigo,1,1,neutro,neutro
"Esse vÃ­deo me explicou muita coisa, a onÃ§a nÃ£o estava caÃ§ando o caseiro como dizem, ela estava atrÃ¡s de peixe, esse felino estava faminto, provavelmente nÃ£o tinha Muitos animais pra ela caÃ§ar, o caseiro estava no lugar errado na hora errada, onÃ§as nÃ£o caÃ§am humanos elas tem medo do homem, nÃ£o duvido nada Q as pessoas daquele pesqueiro jogava peixe pras onÃ§as, essa onÃ§a sabia que ali Ã© um pesqueiro, por isso sempre ia lÃ¡ atrÃ¡s de Peixes ğŸ˜®",1,1,neutro,neutro
Oiok ğŸ™ŒğŸ™ğŸ«¡ğŸ‘ğŸ‘ğŸ‘,1,1,neutro,neutro
"Enquanto a onÃ§a comia esse coitado, o Lula comia nossa aposentadoria. Faz o L!",1,1,neutro,neutro
"Boa tarde , muito triste.",1,1,neutro,neutro
acredito que alguma onÃ§a de outra regiÃ£o pode ter parecido.. ou simplismente o convivio entre ele e a onÃ§a era maior do que parecia(ele sabendo ou nÃ£o).. onde algo deu errado.. alguma rotina quebrada.. !!,1,1,neutro,neutro
Acho muito triste saber q uma crianÃ§a ou um adulto foi comido por uma onÃ§a ou uma cobra...ğŸ˜¢,1,1,neutro,neutro
Beleza de vidio Boa noite,2,1,positivo,neutro
O homem foi alertado....<br>O proprietÃ¡rio  nÃ£o cuidou o suficiente de seu funcionÃ¡rio.,1,1,neutro,neutro
"<a href=""https://www.youtube.com/watch?v=CUf1T3dPFj4&amp;t=84"">1:24</a> â€œo dao a onÃ§a vai comer o jorge dÃ£oâ€",1,1,neutro,neutro
Nunca que foi assim ğŸ˜Š<br>Nunca!!,0,0,negativo,negativo
"NÃ£o tratem animais selvagens como se fossem domÃ©sticos, quando perceber que esses animais estÃ£o prÃ³ximos demais das casas, instalem cercas elÃ©tricas e cÃ¢meras para monitorar melhor as Ã¡reas humanas das Ã¡reas dos animais, alÃ©m dos equipamentos bÃ¡sicos de proteÃ§Ã£o individuais como armas de fogo simples, 2 pistolas GLOCK  9 MM e uma espingarda CBC semiautomÃ¡tica calibre 12 MM, 10 tiros, granadas de luz e gÃ¡s lacrimogÃªneo, estoque de muniÃ§Ã£o no cinturÃ£o e no colete, rÃ¡dio comunicador, facÃ£o de selva, colete a prova de balas, joelheira, cantil, spray de pimenta, capacete, luvas, Ã³culos de proteÃ§Ã£o, botas coturno e fardamento camuflado. Estando bem paramentado, nÃ£o existem animais que ousem se aproximar em um perÃ­metro de 360Âº.",1,1,neutro,neutro
"Se ele tivesse armado e atirasse c certeza nÃ£o seria morto de, fora se tivesse cachorro z",1,1,neutro,neutro
Bingo! ğŸ˜…,1,1,neutro,neutro
"Quem diz que Ã© raro onÃ§a atacar humanos , me prove isso, Ficando sosinho,  a noite, sem armas, em uma das regiÃµes mais povoadas por onÃ§as no pantanal, Fique uma semana lÃ¡ dormindo na rede. NA VERDADE O MOTIVO DE NÃƒO TER TANTOS ATAQUES Ã‰ DEVIDO AS PESSOAS SE PRECAVEREM E NÃƒO POR CONTA DAS ONÃ‡AS NÃƒO ATACAREM. digo isso, no caso delas verem que estÃ£o com vantagem, tipo nÃºmero de pessoas, se Ã© uma presa fÃ¡cil, desapercebida etc... SABENDO DISSO EU DIGO, NÃƒO MATEM AS ONÃ‡AS, MAS SE CUIDEM O MÃXIMO QUE PUDEREM.",1,1,neutro,neutro
"Meus sentimentos a famÃ­lia, acompanhei os acontecimentos, muito triste o que aconteceu com seu Jorge.  Os sinais eram muitos, de algo terrÃ­vel poderiam acontecer.ğŸ˜¢",1,1,neutro,neutro
Era pra ser morta essa onÃ§a pando de arrombado a onÃ§a tira avida de um homem e fica viva ela deu sorte que nÃ£o e da minha famÃ­lia,1,1,neutro,neutro
engraÃ§ado que o vilela perguntou por que era tudo gigante antes e ninguem respondeu,1,1,neutro,neutro
"Se fosse seu pai,",1,1,neutro,neutro
"Amo os biolÃ³gicos <a href=""http://www.youtube.com/results?search_query=%23henrique"">#Henrique</a>  e <a href=""http://www.youtube.com/results?search_query=%23richard"">#Richard</a> ğŸ‰ğŸ‰ğŸ‰ğŸ‰ğŸ‰â¤â¤â¤â¤â¤â¤â¤â¤",1,1,neutro,neutro
"Foi muito mal feita da pra ver que a  onÃ§a pegou no crÃ¢nio pelos miolos espalhados ,a onÃ§a nÃ£o ataca como leÃµes ou tigres ela Ã© Ãºnica jÃ¡ pega no crÃ¢nio estourando com a pressÃ£o meus sentimentos ao Jorge que infelizmente estava desprotegido",0,1,negativo,neutro
Amo,2,1,positivo,neutro
Nada a ver essa simulaÃ§Ã£o,0,0,negativo,negativo
Nem Ã­ndio anda desarmado!<br><br>Pelo menos uma zagaia!,1,1,neutro,neutro
Nada aver,0,1,negativo,neutro
Ele ia tirar mel,1,1,neutro,neutro
"Ã‰ por isso que, se passar na minha frente, ...",1,1,neutro,neutro
mata isso nÃ£o serve  para nada,1,1,neutro,neutro
JÃ¡ estÃ¡ mais do que provado que o homem fÃ£s parte do cardÃ¡pio da onÃ§a  porque  veja bem em 1984 eu havia acabado de chegar numa fazenda  no para uma onÃ§a  pegou um trabalhador numa rede no rancho e  comeu ele todo ressentimento  recentemente  em Minas Gerais  em RondÃ´nia  em GoiÃ¡s  teve alguns casos em que a onÃ§a comeu suas vÃ­timas   pense numa situaÃ§Ã£o eu como arroz  feijÃ£o  bife salada  porÃ©m jÃ¡ comi gamba  mas gamba nÃ£o faz parte do meu cardÃ¡pio entendeu,1,1,neutro,neutro
"ğŸ†ğŸ™mas que onÃ§a faminta e brava Ã© essa, faÃ§am o mesmo com ela, abatem se nÃ£o vai atacar outra pessoağŸ†ğŸ¤—",1,1,neutro,neutro
Pior q N pode nem ser presa pq e sÃ³ uma onÃ§a q N raciocina,1,1,neutro,neutro
Palavras tÃªm forÃ§aâ€¦,1,1,neutro,neutro
A gente conta e o pessoal nÃ£o acredita. AtÃ© nisso a mÃ­dia da Bahia oculta os fatos.,1,1,neutro,neutro
Por isso eu prefiro ser amigo da onÃ§a,1,1,neutro,neutro
"A regra Ã© Clara,mora na roÃ§a...tem que ter pelo menos uns 4 cÃ£es.<br>A onÃ§a sempre irÃ¡ no mais vulnerÃ¡vel.",1,1,neutro,neutro
A verdade Ã© ele nÃ©,1,1,neutro,neutro
"NÃ£o Ã© comum pq nÃ£o damos bobeira, quero ver se vc ficar indefeso em uma floresta e der de cara com uma onÃ§a se ela vai te predar ou nÃ£o sÃ³ pq tu Ã© humano, Ã© muita conversa fiada em dizer que uma onÃ§a nÃ£o preda humanos",1,1,neutro,neutro
"NÃ£o. Trabalho manual mesmo, ediÃ§Ã£o prÃ³pria. Algumas cenas ilustrativas eu fiz com ia para complementar, mas no geral, tudo eu.",1,2,neutro,positivo
"EntÃ£o. Nem que se for preso, apenas para dar alerta. Morar no meio do mato sem cachorro Ã© loucura.",1,1,neutro,neutro
E nÃ£o pode dar as costas para onÃ§a,1,1,neutro,neutro
"Obviamente sou contra maus-tratos, porÃ©m Ã© evidente que somos superiores aos animais. Ademais, os que acreditam em Deus, sabem que temos o direito de domina-los.",1,1,neutro,neutro
Grande coisa depois que  a onÃ§a matou o homem que foram pegar misericÃ³rdia senhor que tristeza,1,1,neutro,neutro
"Esse cara com certeza nÃ£o morava sÃ³ ,,, serÃ¡ q ninguÃ©m viu nada ?",1,1,neutro,neutro
Mas onÃ§as tmbm atacam cachorros,1,1,neutro,neutro
Muito triste o que aconteceu.  Um homem com o coraÃ§Ã£o tÃ£o bom. Que Deus o receba na sua infinita luz. E conforte o coraÃ§Ã£o dos familiares,1,1,neutro,neutro
Tenho quase certeza que foram mais de uma onÃ§a. <br>Talvez a mÃ£e e o filhote. <br>E Talvez o macho comeu parte tambÃ©m. <br>PorÃ©m. Tem duas pegadas na cerca de ferro azul.provavemete o ataque foi por trÃ¡s,1,1,neutro,neutro
ISSO Ã‰ PURÃSSIMA VERDADES,1,1,neutro,neutro
Se o Jorge tivesse uma carabina nas mÃ£os andando por estes matos teria tido pelo menos uma chance de sobreviver.,1,1,neutro,neutro
Sem ceva. Basta de desmatamento.   Salve a memÃ³ria do sr Jorge <br>e vejo que se sabe exatamente o que se sabia anteontem. Paz Ã s onÃ§as do caso em algum santuario. E Ã s outras entao!,1,1,neutro,neutro
ğŸ¤¦ğŸ»â€â™‚ï¸ğŸ¤¦ğŸ»â€â™‚ï¸ğŸ¤£ğŸ¤£ğŸ¤£ğŸ¤£ğŸ¤£ğŸ¤¡ğŸ¤¡ğŸ¤¡ğŸ¤¡ğŸ¤¡ğŸ¤¡ğŸ¤¡ğŸ¤¡ğŸ¤¡ğŸ¤¡,1,1,neutro,neutro
ParabÃ©ns pelo o vÃ­deo e as explicaÃ§Ãµes ğŸ‡§ğŸ‡·,2,2,positivo,positivo
CarcaÃ§a e o resto de qualquer coisa que e restos com animais,1,1,neutro,neutro
"OtÃ¡vio, 6 anos. Gostei do vÃ­deo.",2,2,positivo,positivo
Eu jÃ¡ fugi de uma aranha na hora do desespero e se acha que com uma onÃ§a vou conseguir fazer tudo isso ğŸ˜‚ğŸ˜‚ğŸ˜‚ğŸ™„,1,1,neutro,neutro
o melhor vÃ­deo que narrou a histÃ³ria de seu Jorge e a onÃ§a ğŸ‘ğŸ‘ğŸ‘ğŸ‘ğŸ‘ğŸ‘,2,2,positivo,positivo
Elas sÃ£o vÃ­timas da sociedade,1,1,neutro,neutro
Que simulacao mano,1,0,neutro,negativo
"Um pantaneiro daquele tinha que 24h andar, pelo menos, com um punhal de dois gomos bem afiado, 12 polegadas, na cintura, para ter pelo menos uma ter uma pequena chance de defesa",1,1,neutro,neutro
"Kkkkkkk  dizem  que os brancos. Tomaram  o Brasil  dos Ã­ndios,  agora das onÃ§as tambemkkkkkk",1,1,neutro,neutro
"Uma coisa Ã© matar a onÃ§a pra fugir do ataque , outra coisa Ã© matar por esporte.",1,1,neutro,neutro
Cara isso Ã© bem bizarro,1,1,neutro,neutro
Com onÃ§a nÃ£o se brinca.,1,1,neutro,neutro
Ja faz tempo que eu vim do interior e la na Ã©poca era perigoso e meu pai que nÃ£o estÃ¡ mas comigo e os meus irmÃ£os mas velhos estavam sempre alerta porque estavam sempre por perto e era assustador eles ainda abateram duas porque nÃ£o tiveram outra alternativa isso acontecia a noite!    Interior em lugares distante Ã© complicado! Os meus sentimentos aos familiares desse rapaz,1,1,neutro,neutro
Nasci em Caceres MT meu psi serviu o exÃ©rcito  lÃ¡. Ele me disse qye a oncarondava a casa para nÃ© comer. Mais Deus tinha um propÃ³sito  na.minha vida agirÃ¡ eusei me livrou eu minha mÃ£e e meu pai  graÃ§as a,1,1,neutro,neutro
"AÃ O CARA MATA A ONÃ‡A, PRA DEFENDER A SUA CASA E FAMÃLIA, VAI PRESO.<br>ğŸ¤£ğŸ¤£ğŸ¤£ğŸ¤£<br>Ã‰ PRA ACABAR.",1,1,neutro,neutro
Que tal soltar essa onÃ§a lÃ¡ em BrasÃ­lia? Com certeza faria um bom trabalho ğŸ˜…<br>ParabÃ©ns pela reportagem ğŸ‘ğŸ‘ğŸ‘,1,2,neutro,positivo
"Essa pergunta de onÃ§a que come carne foi mal formulada. AtÃ© um cachorro caramelo come carne humana e comerÃ¡ sempre que der para ele. Corte um pedaÃ§o de carne de uma pessoa e jogue para o seu cachorro, ele vai comer na hora, ele nÃ£o vai diferenciar o pedaÃ§o de uma carne de pessoa para o pedaÃ§o de uma carne de boi. Ã‰ claro que tem cheiro diferente, ainda mais para os cÃ£es, mas jÃ¡ houve casos em que o dono dos cachorros morreu em casa e os cachorros dele ficaram famintos e se alimentaram do cadÃ¡ver do dono. SÃ³ pesquisar no Google.",1,1,neutro,neutro
Lindo de longe,1,1,neutro,neutro
"Este animal tem ser abatido: aprendeu que caÃ§ar o ser humano muito mais fÃ¡cil do que caÃ§ar presas selvagem, vai continuar fazer o mesmo. O caseiro nÃ£o levou a sÃ©rio comportamento abusivo do animal, que sentia se a vontade, deveria pregar um assusto valente na onÃ§a para afastar dela - lanÃ§ar foguetÃµes, fazendo muita barulho, etc.,",1,1,neutro,neutro
"@lailasousa6939Â  esse lugar Touro morto Ã© o centro do Pantanal, um lugar isolado sem ninguÃ©m por perto um indivÃ­duo tomando conta de lugar como esse vocÃª acha que Ã© um lugar para se morar com sua famÃ­lia na opiniÃ£o nÃ£o atÃ© porque  agente nÃ£o qual o motivo que estava naquele lugar agente so sabe que era caseiro serÃ¡ se o patrÃ£o pagava todos os direitos trabalhista para ele a famÃ­lia Ã© que vai buscar essa informaÃ§Ã£o.",1,1,neutro,neutro
O PANTANAL NÃƒO Ã‰ LUGAR DE SERES HUMANOS VIVER.,1,1,neutro,neutro
Relatos nÃ£o oficiais,1,1,neutro,neutro
Cara vc Ã© farsante sensacionalista engana os trouxas ğŸ˜¡ğŸ¤¬,0,0,negativo,negativo
Ou os animais matam ou morrem,1,1,neutro,neutro
Este locutor  e um cabeÃ§a de pinico,0,1,negativo,neutro
@@cristianesousa9629 pois Ã©,1,1,neutro,neutro
"Ã‰ igual aquela piada do tio: Ã© pra ver ou pra comer... Claro que mesmo onÃ§as grandes tem certo receio a outros animais de maior porte porque ela nÃ£o Ã© boba... nÃ£o que nÃ£o estude a possÃ­vel presa e no final resolva atacar...pode ver que ataques ao gado Ã© majoritariamente a bezerros, igualmente a filhotes e doentes da vara de catetos e queixadas... No momento que humanos deixam elas aproximarem e acostumarem com a presenÃ§a prÃ³xima de humanos... um dia resolve tentar a sorte...",1,1,neutro,neutro
Eu matava na hora,1,1,neutro,neutro
Na moral essa onÃ§a tava dando volta jÃ¡ bem antes no local. <br>Era indicaÃ§Ã£o de problemas futuros. <br>O correto era se mudar do local ou matar a onÃ§a.<br>LegÃ­tima defesa antecipada.,1,1,neutro,neutro
Coisa do outro mundo ğŸ˜‚,1,1,neutro,neutro
Interessante que ninguem  se refere aos familiares do sr teve a vida ceifada pela onÃ§a,1,1,neutro,neutro
â€‹@@quintageracao1056Ã© um bicho perigoso nÃ© mano kkkkk,1,1,neutro,neutro
Isso Ã© avisos para todos os moradores dali ğŸ˜¢,1,1,neutro,neutro
"Isso que aconteceu com o sr: nÃ£o Ã© caso de ficarem fazendo piada nÃ£o , deveriam respeitar o momento triste , agora  toda hora tem uns comÃ©dia inventado vÃ­deo , fazendo simulaÃ§Ãµes do ocorrido , para ganhar seguidores, tirar proveito da situaÃ§Ã£o que ocorreu como caseiro ! Vamos respeitar!",0,0,negativo,negativo
Palavras tem poder cuidado,1,1,neutro,neutro
Quer dizer que agora todos nÃ³s que vive da roÃ§a mora na roÃ§a vai ter que mudar pra Cida por causa de onÃ§a Ã© brincadeira viu,1,1,neutro,neutro
"Para de falar besteira, o bicho Ã© tÃ£o caÃ§ado e queimado na floresta que tÃ¡ quase em extinÃ§Ã£o.",1,1,neutro,neutro
O que ele poderia fazer?Parece que ele era o caseiro nÃ©.,1,1,neutro,neutro
Vai pensando assim  vai vai...que tivrr na frente elas ataca.....cad,1,1,neutro,neutro
Ele errou em ficar nesse lugar depois de ter visto rastros de onÃ§a ao redor dÃ¡ casa tinha mais era que sair procura um lugar seguro,1,1,neutro,neutro
Mais se ela comeu o homem como ela estÃ¡ tÃ£o magra,1,1,neutro,neutro
"A polÃ­cia ambiental tem culpa, pois sabia dos rastros da onÃ§a, por meio de vÃ­deo e nada fez para capturar o felino. PolÃ­cia Ambiental e nada sÃ£o a mesma coisa.",1,1,neutro,neutro
"Pessoal dar mais valor a vida da onÃ§a do q o rapaz q ela matou,esse mundo tÃ¡ perdido mesmo!",1,1,neutro,neutro
â¤e mesmos nÃ£o pode confia,1,1,neutro,neutro
A onÃ§a devorou o cara e os biÃ³logos e youtubers estÃ£o roendo os ossos dele atÃ© agora.,1,1,neutro,neutro
"O q eu acho ,Ã© q essa historia ta mal contada...agora quem sabe da verdade...",1,1,neutro,neutro
"Se tivesse um revÃ³lver na cinta, talvez estaria vivo",1,1,neutro,neutro
Isso foi briga de onÃ§a com onÃ§a!,1,1,neutro,neutro
Na dÃºvida que as 3 onÃ§as se alimentou as 3 onÃ§as tem que ser retirada da natureza,1,1,neutro,neutro
"Isso que eu ia perguntar, tem certeza que foi esse animal que atacou o seu Jorge ??",1,1,neutro,neutro
"muito interessante isso, IA pra reconstituiÃ§Ã£o. ParabÃ©ns pelo trabalho.",2,2,positivo,positivo
"Fale por vocÃª, tÃ´ fora dessa classe de primata.ğŸ˜‚ğŸ˜‚ğŸ˜‚ğŸ˜‚",1,1,neutro,neutro
"Pantanal o q mais tem Ã© onÃ§a , como vai saber qual onÃ§a matou e qual onÃ§a comeu?",1,1,neutro,neutro
AmÃ©m ğŸ˜¢â¤ğŸ™ğŸ»ğŸ˜­ğŸ˜­,1,1,neutro,neutro
Ou seja mstou o homem pra Comer,1,1,neutro,neutro
Meu coraÃ§Ã£o dÃ³i ğŸ˜¢,1,1,neutro,neutro
Gostei do vÃ­deo!!!,2,2,positivo,positivo
"Muito bla...bla..., foi uma fatalidade , gente que mora no meio da mata corre risco todo dia e tem gente querendo ver o ataque da onÃ§a , respeite a famÃ­lia .",1,1,neutro,neutro
Elas estÃ£o se produzindo muito,1,1,neutro,neutro
tudo q gente fala de ruim acontece mesmo,1,1,neutro,neutro
Eu moro onde tem muito felino,1,1,neutro,neutro
Eu acredito que animais  veem espÃ­ritos ğŸ‘»,1,1,neutro,neutro
"Claro que nÃ£o nÃ©, todo mundo que mora perto de Ã¡rea de animas selvagens precisam estar cientes que esse tipo se coisa pode acontecer.",1,1,neutro,neutro
"Mas nÃ£o tem a filmagem da cÃ¢mera de seguranÃ§a, Ã© olhar na filmagem da cÃ¢mera.",1,1,neutro,neutro
SÃ³ quem tem um gato sabe do que uma onÃ§a Ã© capaz.,1,1,neutro,neutro
"Mas q histÃ³ria Ã© essa ,e. o sangue na plataforma ,os pedaÃ§os ,do crÃ¢nio ,onde q ele tava na mata fazendo ronda ,e porq fazer ronda na mata , Ã© sÃ³ ficar dentro de casa a noite deitado ,dormindo ,ou sei lÃ¡ fazendo o que ,porq ele iria fazer ronda desarmado e a noite ,sabendo que havia animais selvagens por perto ? NÃ£o tem lÃ³gica isso , e demais atÃ© pode ser que aconteceu tipo negligÃªncia etc.e o animal exausto e faminto atacou o senhor Jorge .NÃ£o bate essa narrativa se o sangue tÃ¡ na plataforma as pegadas ,o local do ataque ali no chÃ£o",1,1,neutro,neutro
Aqui  Ã©  marineis  moro em apiai sao paulo .,1,1,neutro,neutro
Isso Ã© muito triste misericÃ³rdia socorro qui coisa mais triste por que meu deus que ninguÃ©m fes a guma coisa antes ğŸ˜­ğŸ˜­ğŸ˜­ğŸ’¯ğŸ’¯ğŸ’”ğŸ’”ğŸ’”ğŸ’”ğŸ’”ğŸ’”,1,1,neutro,neutro
Meus sentimentos para toda famÃ­lia e a amigos. <br>Descansa em paz Jorge ğŸ˜¢,1,1,neutro,neutro
Aquela do cunhado dele ter falando:a onÃ§a vai te comer Jorge.,1,1,neutro,neutro
"Assim que ela defecar, da pra fazer um exame mas especÃ­fico para chegar a conclusÃ£o mas eficaz, saber se ela se alimentou ou nÃ£o de carne humana.",1,1,neutro,neutro
Eu lhe digo fique frente a frente com uma onÃ§a pra vc vÃª se nÃ£o vai morrer.,1,1,neutro,neutro
ğŸ˜¢ğŸ˜¢,1,1,neutro,neutro
Esses a animais tem que ser extintos do planeta Terra.,1,1,neutro,neutro
"Muito mais honra!!!!<br>Animal age por instinto, jÃ¡ a FERA HUMANA  mata por prazer.<br>Voce ja visitou o CAMPO DE CONCENTRAÃ‡AO DE AUCHWTZ, na Polonia????<br>LÃ¡ eram feitos ASSASSINATOS EM MASSA de seres humanos, tudo muito bem pensado e executado por outros seres humanos nem tao bonzinhos ou honrados, como voce diz.<br>Vo ce ja leu sobre a BOMBA DE HIROSHIMA, no Japao????  Tudo feito e executado por seres humanos contra outros seres humanos. <br>Tem gente nascendo defeituosa  atÃ© hoje, devido Ã¡ RADIACAO.<br>Entao a gente conclui que o animal Ã© muito melhor que o ser humano.<br>A OnÃ§a estava faminta , estao destruindo o habitat dela aÃ­ no Mato Grosso.<br>Vem para Sao Paulo, Ã¡ noite, nas ruas e voce vai ver FERA<br> HUMANA.",1,1,neutro,neutro
Eu quero saber sobre Ã³ seu Jorge e a onÃ§a â¤,1,1,neutro,neutro
@@mateslareal978foi justamente essa arma que a onÃ§a comeu.,1,1,neutro,neutro
"Se os biÃ³logos afirmam que a onÃ§a tem medo do ser humano, essa daÃ­ perdeu o medo e , pior, ela considera o ser humano ALIMENTO para ela. <br>Onde esse animal estiver solto ser humano nenhum poderÃ¡ chegar , nem de longe.<br>NÃ£o serÃ¡ mais correto com os seres humanos sacrificar esse animal?",1,1,neutro,neutro
"Foi avisado mas nÃ£o deu a devida importÃ¢ncia por algo tÃ£o sÃ©rio,poderia ter ido embora desse lugar ,que triste",1,1,neutro,neutro
NÃ£o foi assim,0,0,negativo,negativo
N e culpa do jorge e nem da onÃ§a ğŸ˜¢ğŸ˜Ÿ...<br>E..,1,1,neutro,neutro
"A famÃ­lia tem que ser indenizada,podiam ter pelo menos,ter posto uma cerca elÃ©trica, para proteger a casa ,a vida do seu Jorge,se foi,de uma maneira muito triste,sem corpo pra sepultamento!",1,1,neutro,neutro
"Humanos, deixem esse lugar para os animais! Ã‰ o lar deles",1,1,neutro,neutro
"Tem, mas vai mostrar pra que??",1,1,neutro,neutro
Sim,1,0,neutro,negativo
CadÃª a prova entÃ£o?,1,1,neutro,neutro
E o cuidado com a famÃ­lia do homem que morreu como estÃ£o os cuidados com eles?,1,1,neutro,neutro
"Moro dentro e da AmazÃ´nia  e posso afirmar com TODA propriedade  que as OnÃ§as matam seres humanos, comem sÃ³ uma parte e joga o resto fora.",1,1,neutro,neutro
E tambÃ©m esse tal biÃ³logo Henrique ficou sÃ³ fazendo piadinhas no comeÃ§o da entrevista!!,1,1,neutro,neutro
"TEVE QUE FAZER UMA VÃTIMA, PARA SER CAPTURADA, INFELIZMENTE!!",1,1,neutro,neutro
Muito obrigado pelas informaÃ§Ãµes,2,1,positivo,neutro
Cara eu queria que rudo tivesse ficado bem com o senhor que morreu ele parecei ser tÃ£o gente boa,1,1,neutro,neutro
"Jutai so sertao de Pernambuco! Por volta de 2010, uma onÃ§a sussuarana que pesava aproximadamente uns 70 kilos, matou e comeu as partes das pernas e seios de uma adolescente de 13 anos que esperava o Ã´nibus escolar, como de costume na zona rural, o ponto do Ã´nibus fica distante das casas que ficam dentro das propriedades e os pontos nas estradas centrais. Era meio dia, acharam o corpo no outro dia, escondido entre pequenas pedras e galhos. Fizeram uma caÃ§ada e mataram a onÃ§a, um tio da vÃ­tima chegou a ser preso pelo fato de matar o animal, foi grande a revolta da populaÃ§Ã£o. Jutai Ã© parte do municÃ­pio de lagoa Grande ou Santa Maria da Boa Vista.",1,1,neutro,neutro
"Concordo plenamente com vc,...nÃ£o pode matar em legÃ­tima defesa, mas o bicho pode matar o ser humano a traiÃ§oeira...... Ã© demais pra mim isso.",1,1,neutro,neutro
Sacanagem Ã© a polÃ­cia ambiental e o Ibama prender a onÃ§a em cativeiro ğŸ˜‚  o animal nÃ£o tem direito de ser livre... O culpado Ã© o prÃ³prio ser humano que toma de conta da Ã¡rea dos animais e desmata tudo,1,1,neutro,neutro
Alexandre de Moraes deu 48 horas para a onÃ§a se explicar,1,1,neutro,neutro
"Meus sentimentos aos familiares ,mas a onca nao tem culpa,infelizmente nÃ³s humanos que cada vez mais estamos adentrando e acabando com o espaco dos bichos !!! ğŸ˜¢ğŸ˜¢",1,1,neutro,neutro
Que reportagem excelente viu,2,2,positivo,positivo
TragÃ©dia.Que Deus conforte o coraÃ§Ã£o de todos os familiriares de amigos!!!ğŸ˜ª,1,1,neutro,neutro
"Eu num lugar deste  , ou iria embora  ou  quebrava  esses bichos na bala  , pois o mais importante seria a minha vida , que Deus console todos da sua famÃ­lia e amigos  !!!..ğŸ˜¢ğŸ™ğŸ™ğŸ™",1,1,neutro,neutro
A natureza nÃ£o Ã© bela. A natureza Ã© cruel e implacÃ¡vel. Respeite a natureza,1,1,neutro,neutro
KKKKKKKKKKKKKKKKKKKKKKK,1,1,neutro,neutro
Ã‰ sÃ³ ir morar na cidade,1,1,neutro,neutro
O &quot;FATO&quot; sÃ³ confirma uma coisa. Como o uso de arma de fogo pra defesa pessoal pode ser uma questÃ£o tÃ£o difÃ­cil no Brasil? Dentro da propriedade nÃ£o era pra ser siquer questionado pela justiÃ§a.. arma fogo garanti a defesa que o ESTADO nunca pode oferecer.,1,1,neutro,neutro
"â€‹@@marlieteandrade1608NÃ£o Ã© parceiro, sÃ£o maiores, lÃ¡ elas sÃ£o mais isoladas que as pantaneiras",1,1,neutro,neutro
NÃ£o,1,1,neutro,neutro
"SerÃ¡ que Ã© a mesma onÃ§a? NÃ£o tem como saber, sÃ³ se abrir o estÃ´mago da onÃ§a, mas ela comeu o cara como que a onÃ§a estaria magraÂ¿",1,1,neutro,neutro
"Ele morava ha 20 anos no local, estava acostumado com a fauna. Eu acredito que essa onca convivia ha anos com ele no dia a dia, ela deve ter ficado sem caÃ§ar pq esta adoentada como falado, o instinto e fome falou mais alto, atacou o caseiro na oportunidade pq ele nao tinha medo e ela sabia.",1,1,neutro,neutro
â€‹@@rafaelrocha8168rapaz... O que esse cara falou pra deixar os batedores de continÃªncia pra pneu irritados? Esse Henrique nem deve ser um cara de esquerda.,1,1,neutro,neutro
EntÃ£o tu Ã© a favor da pena d morte no  Brasil? Pq aqui estuprador..assassino Ã© td preservado,1,1,neutro,neutro
"VOU FAZER UMA CRÃTICA AO BIÃ“LOGO HENRIQUE. NÃƒO ESTOU VENDO, VC RELATAR COM ÃŠNFASE NA; DESTRUIÃ‡ÃƒO DO MEIO-AMBIENTE, CAUSADO PELOS AGROPECUÃRISTAS, AGRONEGÃ“CIO??... A ONÃ‡A, FICOU SEM TER, O QUÃŠ COMER, O SEU HABITAT NATURAL?.. (ESTÃ SENDO DESTRUÃDO!!)... CADÃŠ SUA CRÃTICA???.... VC FOI NUMA EMISSORA DE TELEVISÃƒO E, NÃƒO ARGUMENTOU O Ã“BVIO. O MAIS IMPORTANTE, FICOU PERDENDO TEMPO EM &quot;PERSEGUIR&quot; (Responsabilizar) A POBRE ONÃ‡A.??.. COMO SE ELA, FOSSE A CULPADA??",0,1,negativo,neutro
â€‹@@IzeteZimermannse trata doente ğŸ˜‚ğŸ˜‚ğŸ˜‚ğŸ˜‚,1,1,neutro,neutro
Falou tudo,1,1,neutro,neutro
Ã‰ MUITO SERTO Ã‰ PRÃ SACRICAR O ANIMAL MATAR,1,1,neutro,neutro
ğŸ˜‚ a onÃ§a levando o carağŸ˜‚ğŸ˜‚ nao e pra da risada mais tu e doido ğŸ˜¢,1,1,neutro,neutro
"AÃ­ Ã© desinteligencia artificial,montagem ruim e nada a ver c o ataque,nota zero",0,0,negativo,negativo
E o medo mano<br>Cara apavorou difÃ­cil raciocinar nessa hora.,1,1,neutro,neutro
"@@israelpereiradasilva9318 vÃ¡ vc lÃ¡, quem sabe...",1,1,neutro,neutro
OnÃ§a agora ta virando praga todo lugar tem....,1,1,neutro,neutro
"Nem um cÃ£o de guarda , num lugar desses .",1,1,neutro,neutro
Si alguÃ©m falar  que tÃ¡ no lugar dela  Ã©  mentiroso   Deus fez a  natureza pra todos amÃ©m,1,1,neutro,neutro
nao tem semelhanÃ§a nenhuma esse cara vivia com os ursos praticamente kkkk,1,1,neutro,neutro
Essa onÃ§a jÃ¡ tÃ¡ acostumada,1,1,neutro,neutro
Eu acho que essa onÃ§a que foi capturada estava no lugar errado e na hora errada. <br>Varias onÃ§as frequentavam o local e a primeira que chegou lÃ¡  pagou o pato. Levou a culpa.<br>Deus tenha misericÃ³rdia  desse povo que vive nessa regiÃ£o !<br>Que Deus os proteja !,1,1,neutro,neutro
Chamar o bombeiros pra  que.  Se vÃ£o demorar uns dois dias  pra  chegar.  AÃ­ a onÃ§a jÃ¡  comeÃ§ou  a pessoa.  Kkkkkk,1,1,neutro,neutro
Muita hipocrisia nesse caso,1,1,neutro,neutro
"O pessoal levou apenas para verificar se foi ela mesmo que devorou o caseiro, alÃ©m de tratÃ¡-la contra a desidrataÃ§Ã£o (estÃ¡ com sÃ©rios problemas renais). Em breve, a onÃ§a serÃ¡ devolvida Ã  natureza.",1,1,neutro,neutro
"@@ratodebic Ã‰ a casa dela, sim. Mas se fosse sÃ³ deixar por isso, a gente ainda tava morando em caverna fugindo de predador.",1,1,neutro,neutro
EU ASSISTI ATÃ‰ O FINAL! SOU PERSISTENTE! E EU VOU VENCER! {O VENCEDOR VENCE DOR!},1,1,neutro,neutro
"Atualizando, capturaram uma onÃ§a ontem e pelo que falaram PMA se trata de um macho magro, o que coaduna com meu entendimento, pois as onÃ§as ribeirinhas sÃ£o bem gordas devido a abundÃ¢ncia de alimentos. Agora a verdade vai aparecer, estÃ£o todos enganados, com a retirada do animal que atacou o Sr. Jorge, certamente o que passou a dominar o territÃ³rio apÃ³s a luta travada e relatada, as outras onÃ§as ambientadas retornarÃ£o ao local e serÃ£o filmadas. Escutem!",1,1,neutro,neutro
Coloca ela no Gabinete do Lula,1,1,neutro,neutro
"Bem na verdade Ã© muita choradeira, pessoas matam outras pessoas e fazem coisa pior todo dia e ninguÃ©m da tanta importÃ¢ncia assim",1,1,neutro,neutro
"Nem sempre a onÃ§a que ataca Ã© aquela que se alimenta.<br><br>A minha teoria Ã©:<br><br>A onÃ§a atacou a vÃ­tima e arrastou o corpo dele. SÃ³ que, no meio do caminho, apareceu outro macho. Ele era mais forte, partiu pra cima da primeira onÃ§a, brigou com ela e conseguiu roubar a presa. A onÃ§a que atacou o Jorge ficou sem a caÃ§a, ferida, e ainda por cima com fome.",1,0,neutro,negativo
Eu jÃ¡ morei na roÃ§a eu sei muito bem que esse animal Ã© perigoso se eu morasse numa roÃ§a e esse animal aparecesse claro que eu ia sacrificar ela para mim poder morar no meu territÃ³rio,1,1,neutro,neutro
"Cala a boca cara, quem estÃ¡ invadindo o habitat natural das onÃ§as Ã© o ser humano, quem estÃ¡ destruÃ­ndo o planeta e causando extinÃ§Ã£o de animais Ã© o ser humano.",1,1,neutro,neutro
"â€‹@@Jeferson-p6ptem a onÃ§a do cerrado, mas ela Ã© bem menor em quantidade que a do Pantanal, por isso ninguÃ©m fala nada.",1,1,neutro,neutro
Como saber que foi essa onÃ§a ai ? Ja que la tem varias onÃ§as,1,1,neutro,neutro
"Vdd Ã³timo comentÃ¡rio, prÃ¡ muitos a vida do animal Ã© mais importante q a do homano.",1,1,neutro,neutro
Porque estÃ£o destruindo os habitats naturais delas pra construir condomÃ­nios de luxo ğŸ˜¢,1,1,neutro,neutro
A onÃ§a jÃ¡ havia finalizado na ponte mordendo o crÃ¢nio e depois arrastou o corpo . Isso Ã© culpa das pessoas que alimenta esses animais acaba procurando o ser humano a lhes darem comida e eventualmente podem atacar,1,1,neutro,neutro
"Mas Ã© um animal muito bonito e nÃ£o devemos esquecer que Ã© selvagem, devemos respeitar o espaÃ§o deles que o homem tÃ¡ destruindo.",1,1,neutro,neutro
"quero ver essas mesmas pessoas que falam que &quot;ai nÃ£o pode matar a oncinha, nÃ³s Ã© que invadimos o espaÃ§o dela&quot; quando a onÃ§a estiver se aproximando de um filho ou filha sua, se vc vai pensar e agir de forma em nÃ£o ferir ou abater o animal.<br>Ã‰ como diz o velho ditado, pimenta do cool do outros Ã© refresco!",1,1,neutro,neutro
"Acho que a bichona jÃ¡ estava de olho nele, porque fez atÃ© visita em seu terreiro tempo antes sÃ³ pode.",1,1,neutro,neutro
Eu sonhei que os animais da selva estavam famintos. E eu sentia atÃ© dÃ³. Mas eles estavam proximos as cidades...Tadinho desse senhor. Ele confiou demais.,1,1,neutro,neutro
Nao se brinca com coisa seria.,1,1,neutro,neutro
"Ã‰, as palavras tem poder, seja para o bem ou para o mal",1,1,neutro,neutro
"Ã‰ o bicho mais brabo da nossa fauna, eu gosto de pescar aÃ­ no Mato Grosso, muito perigoso esse animal, tem que ficar esperto.",1,1,neutro,neutro
"Se fosse o contrÃ¡rio,o caseiro jÃ¡ estaria preso sem direito a fianÃ§a!! A onÃ§a tem mais valor do que a vida de um ser humano!!",1,1,neutro,neutro
Biolo Enrique aqui em roraima tem urso e pouca gente sabe,1,1,neutro,neutro
"onÃ§a n vive em bando, amigo, elas se encontram em perÃ­odo de acasalamento, faz o rito de reproduÃ§Ã£o e vazam, n ficam juntas, muito menos 3",1,1,neutro,neutro
"Na minha visÃ£o, Ã© preciso fazer um levantamento nessa regiÃ£o e verificar se as onÃ§as tbm estavam se aproximando do convÃ­vio humano em outras Ã¡reas, ou predando pets dos moradores. LEMBRANDO QUE O AMBIENTE EM QUESTÃƒO Ã‰ DA VIDA NATURAL DAS ESPÃ‰CIES ENDÃŠMICAS DO LUGAR. o ser humano que se instalou lÃ¡. Ã‰ complicado pq fatores como cheiro de alimentos crus impregnados no corpo de uma pessoa podem confundir os instintos da onÃ§a. Bom, pelo menos, eu penso isso, LÃ“GICO, nÃ£o sou um especialista. Mas Ã© um fato fora da curva em relaÃ§Ã£o ao comportamento desses animais. Me lembrou aquele filme a sombra e a escuridÃ£o. <br>Meus sentimentos e respeito aos familiares do seu Jorge, um homem que estava vivendo seu dia a dia e sofreu essa tragÃ©dia, infelizmente.ğŸ˜¢",1,1,neutro,neutro
"A seva Ã© alimento deixado pra atrair algum animal, no caso, uma onÃ§a sevada Ã© uma onÃ§a que Ã© tratada por alguÃ©m",1,1,neutro,neutro
Tava magra e pegou o siorzinho porque tava com fome o ser humano tÃ¡ acabando com tudo que tem no mato,1,1,neutro,neutro
O cara quer ensinar o BiÃ³logo Henrique os procedimentos.,1,1,neutro,neutro
Povo imbecil querem adivinhar atÃ© a hora da morte dos outros sÃ³ sabem fazer montagem,0,0,negativo,negativo
"Henrique, tenho um vÃ­deo muito legal pra vocÃª identificar uma coral! Como envio pra vocÃª?",1,1,neutro,neutro
"As pessoas tem que entender  que eles envadem o territÃ³rio  dos animais, tem q respeitar ...pohha isso  Ã©  uma agressÃ£o  contra a natureza ... eu lamento  muito  pela  seu Jorge  tadinho ele sÃ³  foi uma vÃ­tima desses fazendeiros  que desmatam a florestas  para  fazer fazenda. E ainda querem ter raÃ§Ã£o,  mesmo agredindo a  a natureza.",1,1,neutro,neutro
N falaram sobre a onÃ§a nÃ£o ser a mesma que matou sr Jorge!!,1,1,neutro,neutro
"Muito sensaciolismo,imagens de cÃ£es da pradaria que nem tem no pantanal.",0,1,negativo,neutro
Quero ver  averdade Jorge  e a onÃ§a,1,1,neutro,neutro
ğŸ˜¢ 56ğŸ˜­ğŸ˜­ğŸ˜­ğŸ¤¯,1,1,neutro,neutro
Ah que legal da sua parte falar com todo cuidado possÃ­vel por respeito a famÃ­lia. Eu tava sem coragem psicolÃ³gica para acompanhar esse caso,2,1,positivo,neutro
Sem controle,1,1,neutro,neutro
"Esses comem tudo do pobre,o sangue,a carne e a alma.",1,1,neutro,neutro
"Agora a pouco tempo aqui no PiauÃ­ uma senhora q mora no RJ estava por aqui a passeio e matou   uma onÃ§a en legÃ­tima defesa, diz a Internet, porÃ©m o imbama aplicou uma multa tenebrosa na senhora, agora Ã© hora da famÃ­lia do Jorge entrar com o processo e pedir uma indenizaÃ§Ã£o das leis ambientais, eles nÃ£o sÃ£o donos das onÃ§a entÃ£o tem q ser responsÃ¡veis pelos danos causados",1,1,neutro,neutro
"â€‹@@SenhormeupastornadafaltarÃ¡-q4k tambÃ©m pensei isso, Ã© importante uma experiÃªncia prÃ¡tica.",1,1,neutro,neutro
O analisar e faÃ§a nela e muita  burrice  deixar a  onÃ§a  viva,1,1,neutro,neutro
"<a href=""https://www.youtube.com/watch?v=IhrECIS2-4Y&amp;t=480"">8:00</a>",1,1,neutro,neutro
"OnÃ§as saudÃ¡veis,tigres e leoes saudÃ¡veis sempre predaram o ser humano tb.",1,1,neutro,neutro
JÃ¡ mataram a onÃ§a??,1,1,neutro,neutro
Coitado ğŸ˜¢ğŸ˜¢ğŸ˜¢ğŸ˜¢ğŸ˜¢,1,1,neutro,neutro
RÃ­diculo.,0,1,negativo,neutro
AÃ­ que onÃ§a vai fala achei prato.,1,1,neutro,neutro
Se ele tivesse matado a onÃ§a tinha  sido preso e massacrado pela Internet,1,1,neutro,neutro
"NÃ£o corro  nem de cachorro! NÃ£o adianta nada, enfrenta e intimida.",1,1,neutro,neutro
"lÃ¡ nÃ£o Ã© o caso, pois Ã© no pantanal e justamente pela preservaÃ§Ã£o Ã© que esses animais estavam lÃ¡, seu habitat natural.",1,1,neutro,neutro
Tem um jeito,1,1,neutro,neutro
Nada porque ataca veloz e ela jÃ¡ quebrou em pegar nao deu tempo de gritar a forÃ§a acho pegou a cabeÃ§a ou pescoÃ§o.,1,1,neutro,neutro
"Ouvi uma fala q pra mim foi exatamente oq aconteceu (a onÃ§a amansou ele )e axo q ele perdeu a noÃ§Ã£o do perigo q no mÃ­nimo sempre q fosse pro quintal uma boa faca pantaneira como companheira, e fica aqui nosso profundo sentimento ao familiares.",1,1,neutro,neutro
Qualquer Ã­ndio sabe que as onÃ§as atacam sim seres humanos! BiÃ³logo nenhum se compara com quem vive na natureza!,1,1,neutro,neutro
"SÃ³ acho que deveria fazer eutanÃ¡sia, ele mandou uma pessoa na casa dela.",1,1,neutro,neutro
PERGUNTA QUE NÃƒO QUER CALAR... ONÃ‡A OU ONÃ‡O KKKKKKKKKKğŸ¤­ğŸ¤­ğŸ¤­ğŸ¤­,1,1,neutro,neutro
Quanto  dinheiro gastado pra proteger uma fera dessa e o Jorge  k era um trabalhador pensou nele  se ele estivesse  matado  ela estava na cadeia  mas ela nÃ£o  estÃ¡  sendo protegida . E a famÃ­lia  dele alguÃ©m aÃ­  pensou????,1,1,neutro,neutro
"Tem q havaliar se ela nÃ£o vai comer mais ninguÃ©m, e um absurdo",1,1,neutro,neutro
Temos que preservar nosso ambiente  infelizmente a onÃ§a nÃ£o agiu por maldade Ã© puro instinto,1,1,neutro,neutro
A palavra tem poder  cuidado  o que sai da boca,1,1,neutro,neutro
Estou com a pulga atrÃ¡s da orelha.,1,1,neutro,neutro
Ou ter se cuidado melhor,1,1,neutro,neutro
"Ele tava preparando o cafÃ© da manhÃ£, e a onÃ§a preparando o seu TBM",1,1,neutro,neutro
Eu quero saber a verdade,1,1,neutro,neutro
Os humanos matam milhÃµes de animais pra se alimentar...mais um animal nÃ£o pode?,1,1,neutro,neutro
Estou amando maratonar seu canal.,2,1,positivo,neutro
"Deus carai , o.que ele fez ?",1,1,neutro,neutro
"Se pegar pena vai sair em cerca de dois anos por bom comportamento, com um bom advogado atÃ© menos tempo se alegar distÃºrbio cognitivo.",1,1,neutro,neutro
O Senhor Jorge deveria amar esses animais e cuidar como muito zelo delas ğŸ˜¢,1,1,neutro,neutro
"Acho Ã© pouco, sempre torÃ§o pra os animais",1,1,neutro,neutro
"A famÃ­lia do seu Jorge tem que procurar um bom advogado pra resolver isto,atÃ© pq o Jorge havia pedido conta na fazenda, porÃ©m os patrÃµes n conseguiram outro funcionÃ¡rio e o chamaram de volta,ele voltou e infelizmente estÃ¡ tragÃ©dia aconteceu,a famÃ­lia do Jorge tem q ir pra cima n pode deixar baixo",1,1,neutro,neutro
"Bom deixarem de mi mi , todo animal  no mato Ã©  Bixo , amenos nÃ£o  vai  fazer  falta fogo neles .",1,1,neutro,neutro
Valia mi cristo ğŸ˜¢,1,1,neutro,neutro
Isso mesmo Biologo Henrique vc ta certo,2,1,positivo,neutro
SoluÃ§Ã£o compre caixas de foguete  para as onÃ§as respeitar teu espaÃ§o,1,1,neutro,neutro
Onde jÃ¡ viu isso preservaÃ§Ã£o de assassina comprar um rifle gente mete bala ou muitas gente vai morrer de novo,1,1,neutro,neutro
"Fraquinho, repetindo oque jÃ¡ foi exaustivamente publicado. Perdi meu tempo vendo essa baboseira",0,1,negativo,neutro
Kkkkkkk,1,1,neutro,neutro
num lugar ermo e cheio de onÃ§as e o sr jorge sem um bom 38 ou ate mesmo um 357? pois facilitou!,1,1,neutro,neutro
Kd os defensores dos animais vÃ£o ficar calado agora?se fosse abatendo uma onÃ§a tavam tudo aÃ­ de mimi pra prender e aplicar uma multa ğŸ˜‚,1,1,neutro,neutro
"Eu moro dentro do Parque Estadual da Serra do Mar e jÃ¡ vi na estrada que dÃ¡ acesso a minha chÃ¡cara duas onÃ§as pardas...uma em 2017 por volta das <a href=""https://www.youtube.com/watch?v=CUf1T3dPFj4&amp;t=930"">15:30</a> e a outra em 2020 por volta das <a href=""https://www.youtube.com/watch?v=CUf1T3dPFj4&amp;t=960"">16:00</a>...como biÃ³loga e por conta prÃ³pria sem vÃ­nculo com instituiÃ§Ã£o faÃ§o o registro do aparecimento delas e de outros mamÃ­feros carnÃ­voros como meio de observaÃ§Ã£o do territÃ³rio deles. Mas duas vezes que avistei estava dentro do carro e respeitei as normas de seguranÃ§a para preservar a minha  vida  e do animal. Ã‰ assim que devemos ser.. conviver com  os animais silvestres sempre respeitando seu habitat.",1,1,neutro,neutro
Depois de cuidar  dela  solta ela  em BrasÃ­lia,1,1,neutro,neutro
Ele era o meu tio avÃ´ irmÃ£o da minha avÃ³ ğŸ˜­ğŸ˜­ğŸ˜­ğŸ˜­ğŸ˜­<br><br><br><br><br><br>NÃ£o Ã© brincadeira,1,1,neutro,neutro
Levam todos polÃ­ticos e o STF lÃ¡ pra elas comerem essas pragas do Brasil,1,1,neutro,neutro
Essa reportagem foi a melhor parabÃ©ns,2,2,positivo,positivo
"Minha opiniÃ£o Ã© que se quem reside na zona rural e tiver uma carabina de calibre grande e forte , ao se deparar com um animal desses nÃ£o tenha perdÃ£o e nem misericÃ³rdia pois se for ela nÃ£o terÃ¡ essa mesma reaÃ§Ã£o com vcs ...",1,1,neutro,neutro
"Quando eu disse exatamente isso dito nesse vÃ­deo, no dia que aconteceu, eu levei &quot;paulada&quot; pra caramba! Mas Ã© bom saber que eu estava certo!",1,1,neutro,neutro
"Idiotas ğŸ˜ Ã© lamentÃ¡vel o comentarista ter que falar que onÃ§a Ã© um animal selvagem ğŸ˜ ser humano imbecil!! Deus fez o homem para cuidar dos animais porÃ©m tem um espaÃ§o entre animais domÃ©stico e selvagem agora ficaram brincando com o perigo  comeÃ§a de jerico!! NÃ£o tenho dÃ³ nÃ£o, procurou achouğŸ‘‰ ğŸ…",1,1,neutro,neutro
"Que bostaa, nada a ver kkkkkkkkkk",0,0,negativo,negativo
O sotaque do narrador do vÃ­deo Ã© horrÃ­vel.,1,1,neutro,neutro
"Jaime, em que cidade o fato aconteceu?",1,1,neutro,neutro
"Minha solidariedade aos familiares do Sr Jorge!<br>Mais uma coisa Ã© certa, a natureza cobra tudo o que Ã© dela!<br>Vai uma pergunta!<br>Quantos animais selvagens sÃ£o mortos todos os e ninguÃ©m comenta?<br>Sr Jorge foi uma vÃ­tima da ganÃ¢ncia dos seres humanos e os animais tambÃ©m.",1,1,neutro,neutro
A minha solidariedade e consolo pela famÃ­lia da vÃ­tima Ã© muito triste ğŸ˜¢ğŸ˜¢â¤â¤,1,1,neutro,neutro
"â€‹@@VencedordaRoÃ§a claro que Ã©, afinal lÃ¡ nesses fim de mundo Ã© o lugar delas",1,1,neutro,neutro
Eu sou pantaneiro criado no meio da selva e sempre vi onÃ§as se distanciarem de humanos. OnÃ§as  so atacam humanos para se defender. Eu posso afirmar com certeza que  a vitima desse caso estava tratando a onÃ§a  e acreditou ter amansado ela senao ele nao sairia pra fora da casa denoite. Os videos gravados que circulam por ai comprovam o que  estou dizendo. O caso ta mais pra ter acontecido assim: a vitima percebeu que a onÃ§a  estava ali e tentou aproximacao dado ao excesso de confianca. So que  a onca nessa situaÃ§Ã£o  esta sempre  em situaÃ§Ã£o  de defeza e a um minimo gesto da vitima o animal atacou. Eu pergunto porque a familia nao disponibilizou o video do ataque ainda? Digo ainda pq esta sob a tutela da policia mas o video nÃ£o  deixara de ser exibido. Se foi a onca  que matou ela destruiria a vitima no local e so depois ela retornaria para esconder.,1,1,neutro,neutro
"ANIMAL FEROZ, ASSASSINO, ADOTA ESSE ANIMAL.",1,1,neutro,neutro
"Essa fatalidade sÃ³  ocorreu pq vÃ¡rias pessoas que pescavam jogavam peixe para ela comer como a onÃ§a Ã© um animal oportunista, nesse local ela tinha Ã¡gua ( rio) e os humanos dando peixe para ela quando iam pescar, ela tomou aquele local como seu territÃ³rio e com isso ela nÃ£o  via seu Jorge como uma ameaÃ§a  e aconteceu o ataque ( pq estava com fome) por estar mal acostumada a ter acesso ao alimento de forma fÃ¡cil. Predadores nao querem gastar emergia demasiada para caÃ§ar  se tiver animais que sÃ£o  mais faceis de predar ( cÃ£es, galinhas, bezerros, porcos) ela vai ficar prÃ³xima  ao local Ã©  onde pode acontecer um acidente e infelismente uma fatalidade como essa. Esse animal sÃ³  foi capturado pq a probabilidade de ela atacar um ser humano novamente pode ser grande.",1,1,neutro,neutro
@@MidianAlborghetti sei  E como eu sei jÃ¡ matei foi 2 na minha fazenda,1,1,neutro,neutro
Ã© simples ela estava com fome.,1,1,neutro,neutro
O cara que se descuidou,1,1,neutro,neutro
Foi uma simulacao estilo Sessao da Tarde.,0,0,negativo,negativo
"Capturar pra que? Ela tÃ¡ no habitat dela, quem tÃ¡ invadindo o espaÃ§o Ã© o pesqueiro, para de ser burro, a onÃ§a sai da mata e vai atÃ© aÃ­ na sua casa te atacar? Agora o ser humano sai da casa dele, viaja centenas de quilÃ´metros, e se enfia no mato pra matar a onÃ§a na casa dela",1,1,neutro,neutro
@@jeannesilva5643  tenho certeza que vÃ£o esquecer esse caso e deixar as onÃ§as em paz..  CAPTURAR UMA ONÃ‡A DÃ MUITA DOR DE CABEÃ‡A FORA OS GASTOS $$$$,1,1,neutro,neutro
"NÃ£o Ã© essa onÃ§a, essa estÃ¡ magra como eles mesmos falam, pra quem comeu quase um ser humano inteiro nÃ£o era pra estar tÃ£o debilitada e com tanta fome.... A onÃ§a que pegou estava Ã© descansando de barriga cheia esperando a fome bater de novo...",1,1,neutro,neutro
KkkkğŸ˜‚,1,1,neutro,neutro
Totalmente equivocado esse IA ğŸ˜‚ğŸ˜‚ğŸ˜‚,0,0,negativo,negativo
Meu Deus ğŸ˜±,1,1,neutro,neutro
Podia ter evitado.,1,1,neutro,neutro
OnÃ§a eu amanso na bala,1,1,neutro,neutro
"Falou tudo, a tendÃªncia vai ser essa com certeza!!!",1,1,neutro,neutro
Ta com medoğŸ˜…ğŸ˜…,1,1,neutro,neutro
"Cade os crentes falando:   deus Ã© lindo nÃ© gente, que deus maravilhoso",1,1,neutro,neutro
O senhor gorge facilitou demais  sabia que elas estava rondando  mostrou as pegadas da onÃ§a  no vÃ­deo anterior a tragÃ©dia ele tinha que estar armado  si ele tÃ¡ armado pipocava fogo na onÃ§a pra si defender  uma espingarda calibre grosso  nÃ£o pode estar de mÃ£os vazia,1,1,neutro,neutro
Essa onÃ§a capturada e magra nÃ£o deve ser a onÃ§a do ataque que estava de barriga cheia.,1,1,neutro,neutro
MORTE TERRÃVEL ğŸ˜®,1,1,neutro,neutro
"Que Deus  o tenha em bom lugar   meus sentimentos  ,mais tem que ter cuidado  porque  eles estÃ£o  em seu habitat  natural sÃ£o  irracionais  ...",1,1,neutro,neutro
Ela foi atraÃ­da pelo cheiro de peixe,1,1,neutro,neutro
"Mora em regiÃ£o com OnÃ§a? Compre 2 ou 3 filas Brasileiros. Esses cachorros atacam em conjunto, vigias, percebem as onÃ§as a distÃ¢ncia, e atacando em conjunto, afugentam as onÃ§as. SÃ£o cachorros onceiros, capazes de defender um rebanho inteiro de bois e ataques de onÃ§a.",1,1,neutro,neutro
O homem domina todos os animais na terra  e onÃ§a que ataca ser humano vai pra panela .,1,1,neutro,neutro
Pela quantidade de sangue moreu na ora,1,1,neutro,neutro
Animal selvagem nÃ£o gosta de carne humana,1,1,neutro,neutro
@flora7602Â  Ã© isso mesmo ...  triste  realidade  ğŸ˜¢,1,1,neutro,neutro
E o habitat do ser humano Ã© onde?,1,1,neutro,neutro
Por qual motivo?,1,1,neutro,neutro
Queimam as matas e acaba o alimento delas,1,1,neutro,neutro
"EntÃ£o abandone sua casa, pois um dia jÃ¡ foi habitat de onÃ§a.",1,1,neutro,neutro
"dÃ¡ muita indignaÃ§Ã£o ver is palpiteiros que aparece por aqui, por que essas pessoas que tÃ¡ defendendo a onÃ§a, nÃ£o vai lÃ¡ daqui umas duas semanas esperar por ela no mesmo lugar?ğŸ¤”",1,1,neutro,neutro
"HipÃ³crita a alguns meses atrÃ¡s uns cachorros pitbull mataram um pedreiro,  e nÃ£o fizeram nenhum sencionalismo .... 2 pesos 3 medidas...",0,1,negativo,neutro
"A onÃ§a sÃ³ estava protegendo o seu territÃ³rio.<br>Muito antes do ser humano chegar ao Brasil, esses animais eram os donos da regiÃ£o.",1,1,neutro,neutro
Cara num mata desse sem nenhuma arma,1,1,neutro,neutro
VÃ­deo falso,0,0,negativo,negativo
"NÃ£o entendi o porquÃª tirar ela do seu convÃ­vio,se ela estÃ¡ magra, Ã© culpa do prÃ³prio homem que invade seu habitat natural,as caÃ§as estÃ£o ficando mais difÃ­ceis pra eles, Ã© mais fÃ¡cil tirar o animal do que freiar o desmatamento na AmazÃ´nia ğŸ˜¡ğŸ˜¡ğŸ˜¡",1,1,neutro,neutro
Se  a onÃ§a atacou  o ser humano ela deve ser morta pois pode se acostumar. Com o sangue do ser humano,1,1,neutro,neutro
"Quanta ignorÃ¢ncia,<br>Quantas  especulaÃ§Ãµes,<br>Se fazem de tudo e dizem de tudo em busca de audiÃªncia e seguidores ...<br>AtÃ© q ponto vai um ser humano,nÃ£o pensa na famÃ­lia do sr. Jorge e nem no proprietÃ¡rio do pesqueiro...<br>Muito conteÃºdo correto,mais muito conteÃºdo sÃ³ pra se manter em alta e tirar proveito com a desgraÃ§a alheia",0,1,negativo,neutro
TÃŠM QUE MOSTRAR PARA O BIÃ“LOGO HENRIQUE ğŸ˜®,1,1,neutro,neutro
â€‹@@douglasroberto3192Muito bem ğŸ‘ğŸ‘,1,1,neutro,neutro
"Para q noÃ© foi salvar esses bichinhos ai?, aqui na nossa regiÃ£o tambÃ©m tem algumas rondando por aqui matando animais, vieram junto com as plantaÃ§Ãµes d calipto,e esse papo d q Ã© ambiente delas ,na minha opiniÃ£o isso nÃ£o existe,pois Deus fez o mundo,e tambÃ©m nos criou ,a diferenÃ§a Ã© q nÃ³s somos as espÃ©cies q c aplimoraram, fizemos nossas melhorias para viver melhor e querendo ou nÃ£o",1,1,neutro,neutro
"â€‹@@AlziraMarieta-px4puisso Ã© um fato! E nÃ£o so nas AmÃ©ricas, em todos os espaÃ§os desde o inÃ­cio da humanidade... JÃ¡ que aprendeu a usar a internet, joga no Google a estimativa da populaÃ§Ã£o humana atual, do ano 1000 DC, ano 1 DC, 1000 AC e vai poder tirar suas conclusÃµes...",1,1,neutro,neutro
Meu Deus Q tragÃ©dia. Meus sentimentos toda famÃ­lia,1,1,neutro,neutro
"Se foi assim eu nÃ£o sei, mais a simulaÃ§Ã£o foi bem feita.",2,0,positivo,negativo
Com q os miolhos Derli tarva na ponte. e a onÃ§a aÃ­ carregando ele e ele gritandoğŸ˜…,0,1,negativo,neutro
Deus Conforte A FamÃ­lia Do Seu Jorge E A OnÃ§a So Estava Seguindo O Seu Instinto Predador ğŸ˜”ğŸ˜”,1,1,neutro,neutro
Mentira. Foi de outra maneira.,0,0,negativo,negativo
"Particularmente,  eu estou achando  que  nÃ£o. Existem  outros quesitos a  se ponderar.",1,1,neutro,neutro
"Se foi uma fÃªmea cim filhote se prepararem, pq ela ensinou seu filhote a caÃ§ar ser humano! Agora serÃ£o mÃ£e e filhote que aprenderam que ser humano Ã© uma presa fÃ¡cil",1,1,neutro,neutro
NÃ£o sabe da verdade a gente queria saber se a onÃ§a pegou ele aÃ­ perto desse lugar mesmo,0,1,negativo,neutro
"Eu pensando aqui um humano Ã© condenado a 30 anos se mantar um ser humano,e um bixo Ã© bem tratado caso mate um ser humano...",1,1,neutro,neutro
"Henrique , comenta a onÃ§a que apareceu trÃªs vezes jÃ¡ nos arredores de um condomÃ­nio em Santana de ParnaÃ­ba. Para mim, ela tem fome mas por risco de ataque alguÃ©m pode fazer uma besteira com ela, sei lÃ¡. Vc acha que a ambiental poderia fazer alguma coisa? SÃ³ eu pensei que ela tem fome? Isto nÃ£o deveria ser um entendimento deles? Fazer um estudo, alimentÃ¡-la? Porque parece-me que nÃ£o podem tirar ela de lÃ¡",1,1,neutro,neutro
"Tem a cena real,  as cÃ¢meras filmaram. Mas claro que a famÃ­lia nÃ£o permite divulgaÃ§Ã£o.",1,1,neutro,neutro
TEM QUE COMESAR E NETER FOGO TEM ONCAS DEMAIS,1,1,neutro,neutro
Eu quero saber o caso Jorge e a onÃ§a.,1,1,neutro,neutro
Ele tava todo comindo seu canal no YouTube Ã© mentiroso e sem noÃ§Ã£o vai conta histÃ³ria de caroxinha,0,0,negativo,negativo
UauğŸ˜®,1,1,neutro,neutro
Agiram corretamente.,1,1,neutro,neutro
"Achei muito estranho o relato do vÃ­deo, qdo &quot;alegaram que a onÃ§a atacou o sr Jorge na cozinha da casa, e o MESMO correu para fora, no quintal para escapar  pelo Rio. NÃ£o tem nenhum sentido, essa estÃ³ria agride nossa inteligÃªncia.",0,1,negativo,neutro
nunca subestime a natureza,1,1,neutro,neutro
"@@ThallesEdhuardo , mas quem tem cÃ©rebro, nenhuma onÃ§a pega! O caseiro, infelizmente, facilitou absolutamente tudo! Sabia, viu os rastros e deixou porta aberta, fala sÃ©rio!",1,1,neutro,neutro
Queima a sua casa e acaba com suas coisas,1,1,neutro,neutro
"Isso acontece porque muitas vezes Ã© o prÃ³prio ser humano, que invade o habitat  natural ,o espaÃ§o da onÃ§a, que nÃ£o age por maldade e sim por simples instinto de sobrevivÃªncia mesmo!!!!ğŸ˜®ğŸ˜®ğŸ˜®ğŸ˜¢ğŸ˜¢",1,1,neutro,neutro
"@@TheMariopires1 podes morar na floresta desde que respeite os animais. Os Ã­ndios vivem com eles e sabem que nÃ£o devem dar nenhum tipo de alimento fora da cadeia alimentar de qualquer tipo de animal, sÃ£o sÃ¡bios! Os da cidade querem dar alimentos para fazer selfies e o feitiÃ§o virando contra o feiticeiro",1,1,neutro,neutro
Os bolsominios sao reis das fakes News ğŸ˜‚ğŸ˜‚ğŸ˜‚ğŸ˜‚,1,1,neutro,neutro
"O ATAQUE NÃƒO FOI FEITO A NOITE, DIZ O SEU CUNHADO,  ENTÃƒO ESSE CONTEÃšDO Ã‰ ENGANOSO.",0,1,negativo,neutro
"NÃ£o se trata do &quot;sabor&quot; da carne, mas a onÃ§a aprende que Ã© muito mais facil de predar um ser humano, que uma presa natural..",1,1,neutro,neutro
@@Alan.kkjkj_ Quem criou tudo?,1,1,neutro,neutro
"Infelizmente o seu Jorge confiou demais na onÃ§a, se ele estivesse armado teria sobrevivido. Meus sentimentos aos amigos e familiares do seu Jorge!",1,1,neutro,neutro
Nao foi um ataque..<br>Ela o emboscou.,1,1,neutro,neutro
Sim  tem  gue matar a onÃ§a  assassino,1,1,neutro,neutro
"NÃ£o vale a vida de qual ser humano? Assassinos, pedÃ³filos, estupradores, psicopatas, mentirosos, enganadores, ladroesâ€¦.a onÃ§a Ã© muito melhor que muito ser humano!!!!",1,1,neutro,neutro
Infelizmente nesse paÃ­s corrupto uma onÃ§a vaoe mais de que uma vida humana. Ainda tem atendimento vip pra avaliar a saÃºde enquanto seres humanos morrem nas filas das upas e sus.,1,1,neutro,neutro
E ela sabe ser bonita mais e muito perigoso,1,1,neutro,neutro
A grande verdade Ã© que quando qualquer animal carnÃ­voro experimento do sangue humano Ã© que nem o ser humano experimentando a droga mais viciosa do mundo a onÃ§a sempre vai preferir agora comer carne humana e por isso que em muitos lugares do mundo sempre que existe um animal que ataca o ser humano a fim de se alimentar o mesmo Ã© sacrificado,1,1,neutro,neutro
Leva ela de presente pro XandÃ£o,1,1,neutro,neutro
Nossa!!<br>Kkk Deve ser muiti difÃ­cil entender que a selva Ã© selvagem ğŸ˜Šk,1,1,neutro,neutro
Na minha opiniÃ£o a onÃ§a deveria ser sacrificada,1,1,neutro,neutro
O cara Ã© songa monga mesmo . Pediu p ser comido pelo bicho. O animal Ã© selvagem e fera perigosÃ­ssimo.  Por q quis ele com tanto bicho na mata? Tava fÃ¡cil demais nÃ©? Foi avisado . NÃ£o acreditou.  NÃ£o foi sÃ¡bio nem vigilante.  CadÃª os cachorros dele.  As armas.   Se tivesse uns 3 pit iria salvar sua vida . Foi muito vacilante o Jorge . Infelizmente terminou em tragÃ©dia anunciada.,1,1,neutro,neutro
"Sim! Para nÃ³s humanos Deus deixou o dom do medo p prevenir nossa vida! Se precisar morar em meio aos animais, precisamos colocar cercas bem reforÃ§adas ou elÃ©trica e nÃ£o nos atrevermos nem mesmo brincar com gato, jÃ¡ vi gato domÃ©stico atacar e cegar uma sra! Todo cuidado Ã© pouco com animais irracionais",1,1,neutro,neutro
A onÃ§a quando ta choca Ã© um perigo mortal,1,1,neutro,neutro
E humanos matam mais que os dois juntos,1,1,neutro,neutro
NÃ£o Ã© que os animais sejam mais valorizados. Acontece que a onÃ§a-pintada estÃ¡ em risco de extinÃ§Ã£o e se ela desaparecer afetarÃ¡ todo o equilÃ­brio ecolÃ³gico do pantanal e de outras florestas onde vivem.,1,0,neutro,negativo
Ai depois que mata um animal desse a tal &quot;justiÃ§a&quot; ainda quer prender a pessoa,1,1,neutro,neutro
Cara nÃ£o tem explicaÃ§Ã£o o Jorge foi atacado e morto pela onÃ§a mesmo agora aparece os especialista querendo desvenda mano respeita os familiares do cara esse acontecido jÃ¡ foi,1,0,neutro,negativo
O bixo e lindo porÃ©m brabo demais cÃª tÃ¡ doÃ­do ğŸ˜®,1,1,neutro,neutro
Meu chara tambÃ©m jÃ¡ sabia da onÃ§a do perigo mas na deu a mÃ­nima aÃ­ no q deu eu heim,1,1,neutro,neutro
"Meus sentimentos aos familiares da vÃ­tima ğŸ˜¢ ,e q Deus recolha sua alma",1,1,neutro,neutro
ParabÃ©ns pra eles serviÃ§o bem feito <br>Mais esse lugar estÃ¡ faltando comida para as onÃ§as se nÃ£o ela nÃ£o teria atacado para comer um ser humano,1,1,neutro,neutro
Legal juntar dois dinossauros da biologia pra falar desse animal fenomenal.,2,1,positivo,neutro
"O animal n Ã© um coitado, ele Ã© um predador, nÃ£o Ã© um gatinho de estimaÃ§Ã£o, acontece q o ser humano Ã© a maior praga no planeta, destruiu a casa dos bichos, acabou com a comida delas, e transformaram o pantanal numa fazenda gigante",1,1,neutro,neutro
Deus nÃ£o deixou o medo sem finalidade. A finalidade do medo Ã© justamente para prevenir nossas vidas,1,1,neutro,neutro
Tenho lido relatos de pessoas que vivem perto do animal e dizem que esse bicho Ã© um inferno e sÃ³ quem vive longe dela Ã© que acha tudo bonito e que o animal Ã© um coitado.,1,1,neutro,neutro
"Mds tÃ¡ passando pano pra onÃ§a e ainda tÃ¡ criando suposiÃ§Ã£o de que o senhor era um caÃ§ador, tudo pra defender um animal",1,1,neutro,neutro
As onÃ§as estÃ£o em proliferaÃ§Ã£o ? Onde vc viu isso ? Ã‰ um dos animais mais ameaÃ§ados de extinÃ§Ã£o ! E se ocorrer mais ataques Ã© pq o ser humano invade cada vez mais o habitat do animal Ã© deixa eles sem lugar !,1,1,neutro,neutro
Descansa em panÃ§a igual o pai do kiko o federico engolido por uma baleia ğŸ³,1,1,neutro,neutro
Vc respeita  um animal feroz mas ele sÃ³  ti ver como alimento   a natureza Ã©  assim,1,1,neutro,neutro
E o vÃ­deo dele batendo continÃªncia pro senhor falecido com uma cara de deboche...cara ridiculo!,0,1,negativo,neutro
A onÃ§a Ã© mais protegida do que o ser humano.Esse Ã© o nosso paÃ­s.,1,1,neutro,neutro
Pra que mentir desde jeito cara???,0,1,negativo,neutro
ğŸ¦´ğŸ«ğŸ§ ğŸ¦´ğŸ†ğŸ‘€,1,1,neutro,neutro
"Unoca coisa q descordo e q o agronecocio prejudica as oncas , o prorio leandro silveira ja disse q o agro favorece as onÃ§as,  por lei o agro tem q preservar parte da propriedade , as lavouras alimenta as presas das onÃ§as com isso elas reprodfuzem aumentando a oferta de alimento oras onÃ§as isso ja e provado , as oncas se adaptam casa comida e corredor , o agro indiretamente aumentou e muito as onÃ§as",0,1,negativo,neutro
Animal lindo lamento muito pelo seu Jorge mais vamos respeitar a nossa fauna e nÃ£o confundir animal selvagem com domÃ©stico ela fez o que ela nasceu pra fazer predar,1,1,neutro,neutro
"Essa equipe nÃ£o pega nem uma sardinha, pegaram a onÃ§a.",1,1,neutro,neutro
Sentimentos a famÃ­lia do rapaz. Deus tenha misericÃ³rdia de sua alma ğŸ™ğŸ»ğŸ™ğŸ»ğŸ™ğŸ»,1,1,neutro,neutro
"A onÃ§a foi perdendo o medo, nÃ£o levaram fÃ© na inteligÃªncia do animal. Ela estava estudando a presa. LamentÃ¡vel, o falecido era experiente, . Nossos sentimentos aqui do RJ/RJ, para ele, luz e paz, a famÃ­lia forÃ§a e resignaÃ§Ã£o..P.S que bom nÃ£o sacrificaram o animal",1,1,neutro,neutro
Se ela estava rondando a casa ele deveria ficar atento talvez pela idade ou inocÃªncia de viver ali sempre vendo esses animais junto por perto jamais pensou nessa possibilidade de ataque ....,1,1,neutro,neutro
sim a onÃ§a e de la se foram pra la que se lasque kkkkkkkkkkkkkkk agr a onÃ§a  tem culpa ??,1,1,neutro,neutro
ğŸ˜¢que triste ğŸ˜¢,1,1,neutro,neutro
Vc diz isso porque nao sabe o que Ã© uma onÃ§a te encarando...,1,1,neutro,neutro
Duas nÃ£o  eram trÃªs  onÃ§as  uma fÃªmea e  dois machos,1,1,neutro,neutro
?? HomicÃ­dio a onÃ§a captou ele sim.. foi devorado!,1,1,neutro,neutro
faltou o vÃ­deo do pirula falando sobre isso,1,1,neutro,neutro
"Muito triste mesmo ğŸ˜¢<br>Mas se estivesse uns cachorros de caÃ§a ja ia ser diferente a historia ai mas foi uma fatalidade,ğŸ˜¢",1,1,neutro,neutro
Se ja flagraram esse bicho rondando alguns dias porque nenguem fes nada as pessoas teriam que ter um cedativo ou mesmo uma arma pra matar ai nao pode matar bla bla bla  ou vc atira pra matar ou vira comida todos sabem que esses bichos atacam entao fica a dica sem mais meus mais profundo sentimentos aos familiares ğŸ˜¢,1,1,neutro,neutro
"Se tiverem um encontro com um desses animais, entre em contato com o corpo de bombeiros. A pergunta Ã©: SerÃ¡ que dÃ¡ tempo? ğŸ˜’ğŸ§",1,1,neutro,neutro
Meus sentimentos por esse senhor....mas ele deu mole grandÃ£o,1,1,neutro,neutro
@@alexandrecorradi8846 NESSE CASO O ABATE Ã‰ NECESSÃRIO,1,1,neutro,neutro
Achou que podia ser amigo da onÃ§a.,1,1,neutro,neutro
"Quem morreu foi o  biÃ³logoÂ Steve Irwin, conhecido como &quot;CaÃ§ador de Crocodilos&quot;, foi morto por uma arraia em 2006.",1,1,neutro,neutro
Se verem uma onÃ§a matem se nÃ£o ela vai te mata,1,1,neutro,neutro
E olha que foi uma parda,1,1,neutro,neutro
Eles andavam era dando comida pra ela tÃ¡ aÃ­ no que Deu.,1,1,neutro,neutro
"&quot; O que me deixa inconformado Ã© que muitas pessoas valorizam mais a vida de um animal do que a de um ser humano, nesse caso um Sr humilde trabalhador &quot;.",1,1,neutro,neutro
Como ela Ã© linda ğŸ†,1,1,neutro,neutro
Quem mata Ã© o onÃ§o mas quem leva a fama de ruim Ã© a onÃ§a.,1,1,neutro,neutro
"NÃ£o  foi sÃ³  uma onÃ§a,  foram duas onÃ§as,  possivelmente um casal.",1,1,neutro,neutro
Pra mim ficar em um num mato desse no mÃ­nimo teria que ter um arsenal de armas igual o RAMBO.,1,1,neutro,neutro
Cara ja lidei muito com onca aprendendo desde crianca com os antigos porem animal que comeu sangue humano sempre comera,1,1,neutro,neutro
AtÃ© onde eu sei onde tem mata tem onÃ§a e se tem onÃ§a tem que tÃ¡ em alerta todo tempo todo pantaneiro experiente fala nÃ£o vacile com onÃ§a perto ou longe ela ataca,1,1,neutro,neutro
"JÃ¡ fui atÃ© uma fazenda, na beira do Araguaia, prÃ³xima onde gravaram a novela &quot;O Rei do gado&quot;, e no dia anterior uma onÃ§a tinha ido lÃ¡ na varanda da casa... Bem complicado, fomos embora ao   anoitecer, todo mundo morrendo de medo, por ter que abrir as porteiras das outras fazendas para ir embora... <br><br>Em outra fazenda que passeamos, tambÃ©m no GoiÃ¡s nas proximidades do Araguaia, a onÃ§a pegou uma ovelha a noite, e o caseiro ficou agoniado... Chegou de manhÃ£ na sede avisando que nÃ£o era para ninguÃ©m andar sÃ³, dai eu jÃ¡ estava andando a cerca de 300 metros de distÃ¢ncia da casa da sede, entÃ£o vi em uma baixada os restos da ovelha, que estava uns outros 300 metros de distÃ¢ncia de onde eu estava parada... O caseiro estava com a espingarda e me disse para ir voltando na direÃ§Ã£o dele sem virar de costas para o local onde estava os restos dilacerados da ovelha, voltamis para a casa da sede e daÃ­ fomos embora, o caseiro teve que ficar na fazenda, mas estava jÃ¡ atento... Provavelmente deve ter feito alguma coisa para espantar o bicho, mas ele deixou a onÃ§a com a ovelha caÃ§ada... <br><br>Basicamente eu prefiro evitar locais, que eu saÃ­ba que tenha animais desse tipo perto... <br><br>Nas chÃ¡caras em BSB estÃ£o tendo apariÃ§Ãµes de onÃ§as ultimamente... AtÃ© em Ã¡reas do centro na cidade, perto da Ponte JK jÃ¡ houve avistamentos desses felinos... <br><br>Ã‰ sempre bom ter cuidado... Os animais estÃ£o se acostumando com as cidades e povoados, Ã© mais fÃ¡cil conseguir alimentos...",1,1,neutro,neutro
@@elainesantos3823serÃ¡ q tem,1,1,neutro,neutro
Tem que soltar ela lÃ¡ em BrasÃ­lia dentro do palÃ¡cio,1,1,neutro,neutro
Fika x1 com ele isso QE nois que saber c vc guenta <br>Ou vai correr ou fika AE fala com ele ou ela nois conversa,1,1,neutro,neutro
"Que tristeza menino,  vocÃª viu aonde?",1,1,neutro,neutro
O erro foi dele por nÃ£o andar armado.,1,1,neutro,neutro
"Ãndio de iPhone, caminhonete 4x4 e canal em redes sociais. Kkkkk<br>Ele deve por fÃ© no conhecimento, jÃ¡ que estÃ¡ completamente munido de recursos desenvolvidos atravÃ©s desse â€œconhecimentoâ€.",1,1,neutro,neutro
Detroit become human estÃ¡ cada vez mais real,1,1,neutro,neutro
ğŸ‘ğŸ‘€ misterioğŸ‘ğŸ‘ğŸ‘ğŸ‘,1,1,neutro,neutro
"se fosse ao contrÃ¡rio, se o velho estivesse matado a onÃ§a, ele estaria preso,",1,1,neutro,neutro
"Bichona linda, mas infelizmente uma vida se foi.",1,1,neutro,neutro
"Foi encontrado jorge a 200mtro do local , e nÃ£o 50mt",1,1,neutro,neutro
"Cara, foi mal... mas cm um conteÃºdo completamente feito por IA vc nÃ£o passa muita credibilidade...zero fontes, vÃ­deos roubados de outros veÃ­culos de mÃ­dia...",0,0,negativo,negativo
Como pode alguÃ©m rir de uma tragÃ©dia como estağŸ˜¢ğŸ˜¢ğŸ˜¢ğŸ˜¢ğŸ˜¢,1,1,neutro,neutro
O QUE ME DÃ RAIVA Ã‰ QUE SABIAM QUE ALI RONDAVA UMA FERA E NÃƒO SAÃAM ARMADOS NEM COMO GOTA. TAVA PEDINDO PRA MORRER.,1,1,neutro,neutro
Obrigado pelo comentÃ¡rio achei q sÃ³ eu q pensava isso ğŸ˜¢,1,1,neutro,neutro
Parou com os cauzin Bruno?,1,1,neutro,neutro
Rapaz isso Ã© muito triste,1,1,neutro,neutro
Fica em paz ğŸ˜¢ğŸ˜¢ğŸ˜¢,1,1,neutro,neutro
"SÃ³ gostaria de saber se existe repelente para onÃ§a,  como existe para urso?",1,1,neutro,neutro
"&quot;A Sombra e a EscuridÃ£o&quot; (&quot;The Ghost and the Darkness&quot;) de 1996 vejam esse filme ,  pegou gosto por carne humana",1,1,neutro,neutro
"Foi realmente uma pena acontecer isso com o senhor , mais ela estÃ¡ no ambiente dela.  Quem construiu lÃ¡ habitate dela foi o homem,  ğŸ˜…ğŸ˜… entÃ£o gente nÃ£o era nem pra capturar ela nÃ£o,  a onÃ§a faz oq ela foi criada pra fazer , se nÃ£o irem no ambiente dela , ela nÃ£o irÃ¡ atacar ngm",1,1,neutro,neutro
EVITAR de alimentar animal Silvestre. COMO ASSIM? Evitar???   Ã‰ proibido cara. PROIBIDO!!! Evitar? Ã‰ nao fazer mesmo...lei Ã© lei.,0,1,negativo,neutro
meu Deus cara ğŸ˜°ğŸ˜°,1,1,neutro,neutro
"Se vc se deparar com um animal desse ligue para o CB ou PM. Bem, se vc sobreviver ao ataque dela, Ã© claro.",1,1,neutro,neutro
"LamentÃ¡vel ocorido ğŸ˜¢, mas pela reportagem a onÃ§a estava rondando o local a um mÃªs. O certo era ter comunicado a policia ambiental para tomar devidas providÃªncias.",1,2,neutro,positivo
"Pq isso aconteceu kkkkk a fome irmao a fome presa Ã© presa, comida Ã© comida alimento Ã© alimento",1,1,neutro,neutro
eu quero saber a verdade sobre Jorge e a onÃ§a.,1,1,neutro,neutro
ğŸ˜®ğŸ˜®ğŸ˜®ğŸ˜®ğŸ˜®ğŸ˜¢ğŸ˜¢ğŸ˜¢ğŸ˜¢ğŸ˜¢ğŸ™,1,1,neutro,neutro
ParabÃ©ns pelo seu trabalho BiÃ³logo Henrique! Te acompanho desde quando seu canal possuia 100 mil inscritos e era balbÃºrdia pra todo lado. Hoje seu canal estÃ¡ quase passando o Rei das Serpentes e faltando pouco pra chegar ao mesmo nÃºmero de inscritos do Richard. Que vocÃª continue crescendo ainda mais com seu trabalho sÃ©rio e focado!,2,2,positivo,positivo
ğŸ™ğŸ™ğŸ™ğŸ™ğŸ™,1,1,neutro,neutro
"NÃ£o sei se ele ou os donos, mas alguÃ©m nÃ£o queria cÃ£es ali. ProvÃ¡vel para nÃ£o afugentar as onÃ§as",1,1,neutro,neutro
O cara estava alimentando elas  no quintal e foi chegar mais perto pra ver,1,1,neutro,neutro
"Pode ser que tenha sido apenas um sÃ³ ser humano que estÃ¡ onÃ§a matou na vida toda dela , mas e um homem que durante a vida toda mata inÃºmeras pessoas sÃ³ por causa de um problema diagnosticado como doenÃ§a.",1,1,neutro,neutro
7 no,1,1,neutro,neutro
"PARA OS IGNORANTE.. a &quot; vdd &quot; Ã© que a &quot; verdadeira  &quot; onÃ§a foi morta,  e a capturada outra que ficaria pela regiÃ£o,  e pra ser  sincero.. se eu fosse parente,  conhecido ou atÃ© mesmo morador  da regiÃ£o,  sinto muito imbama,  eu iria preso mas esse bicho nÃ£o ficaria vivo ... vcs deixem de ser burros , que nÃ£o precisa morar na regiÃ£o pra entender que esse bicho seria morto e outro colocado no lugar , atÃ© porque  foi um caso divulgado na mÃ­dia,  Ã© Ã³bvio que eles iriam querer fazer entender que os &quot; animais  &quot; sÃ£o preservados,  mas a realidade Ã© que nessaa regiÃ£o bicho brabo nÃ£o tem passada de mÃ£o na cabeÃ§a.",1,1,neutro,neutro
"Deus me livreğŸ˜®ğŸ˜®, onÃ§a Ã© bonita   mais brm longe",1,1,neutro,neutro
Onde que estÃ¡ as onÃ§as agora elas morreram? O meu irmÃ£o tÃ¡ perguntando,1,1,neutro,neutro
â€‹@@etsu10etsu nÃ£o tem registro dele alimentando a onÃ§a mas aparentemente no pesqueiro que ele trabalhava ela era cevada por turistas e guias,1,1,neutro,neutro
O DÃ£o; a onÃ§a vai comer o Jorge! E comeu mesmo ğŸ˜­,1,1,neutro,neutro
"A cena da onÃ§a caÃ§ando peixes na Ã¡gua, e depois mostrando ele com o peixe na boca, diz o quÃ£o feroz e Ã¡gil esse animal Ã©.<br>E jÃ¡ vi vÃ­deos deles caÃ§ando e matando jacarÃ©s na Ã¡gua...Ã© um animal bastante perigoso e nÃ£o tem medo de nada.",1,1,neutro,neutro
"E triste ver que hoje em dias os bichos tÃªm muito mas valor que os seres humanos! Deveria ter matado ela na hora ! SÃ³ a famÃ­lia sabe a dor que eles estÃ£o sentindo! A onÃ§a  virou estrela, diante de uma tragÃ©dia dessa e lamentÃ¡vel ğŸ˜¢",1,1,neutro,neutro
Demora muito pra sair o resultado dos testes da onca apreendida?,1,1,neutro,neutro
"Cevar: cativar,acostumar",1,1,neutro,neutro
BrunÃ£o faz cuidado no seu sitio...ğŸ™ğŸ™ğŸ™ğŸ™tmj,1,1,neutro,neutro
Nossa vc tava lÃ¡ filmou e nÃ£o avisou a famÃ­lia,0,1,negativo,neutro
Mano para que jÃ¡ nÃ£o mataram a 9nÃ§a?,1,1,neutro,neutro
Kkkk vc nÃ£o tem vergonha nÃ£o. Deveria ter deixa isso pra lÃ¡ coitado do senhor deixa ele descansar em paz. Vc e um mentiroso. Vamos denunciar esse vÃ­deo galera,0,1,negativo,neutro
Como sabe se foi essa?,1,1,neutro,neutro
Primeiro ela derrubou ele e estourou o crÃ¢nio p depois levado para um lugar reservado...,0,1,negativo,neutro
Quero saber da histÃ³ria,1,1,neutro,neutro
Eu assisti  atÃ©  o final obrigada,1,1,neutro,neutro
Capaz de terem pego um animal sÃ³ pra dar satisfaÃ§Ã£o pros jornais (e ja pegaram um magro pra justificar o comportamento anormal),1,1,neutro,neutro
VOCÃŠ QUER VER O QUÃŠ?<br>A ONÃ‡A EXPREMENDO A CABEÃ‡A DO HOMEM?,1,1,neutro,neutro
O governo tinha que indenizar a famÃ­lia pela perca......,1,1,neutro,neutro
"Estava trabalhando perto de 2000 na regiÃ£o de IperÃ³ como vigia e na ronda me fiquei de cara com uma onÃ§a-parda, gritei e corri para um lado, ela correu para o outro.",1,1,neutro,neutro
"O irmÃ£o dele, Reginaldo Ãvila, fala ao Campo Grande News, que o Sr. Jorge nÃ£o tinha medo, elas iam no quintal dele. Ele dizia que elas nÃ£o fariam mal a ele. ğŸ˜¢ğŸ˜¢ğŸ˜¢ğŸ˜¢ğŸ˜¢",1,1,neutro,neutro
"Deus proteja as onÃ§as, tudo de ruim pro ser humano Ã© pouco",1,1,neutro,neutro
"Caso encontre uma onÃ§a, procurar o bombeiro no final da reportagem..o problema Ã© ficar vivo pra dps procurar",1,1,neutro,neutro
O que faltou ao seu Jorge foi a devida prevenÃ§Ã£o ao perigo iminente.,1,1,neutro,neutro
Muito suspeito as cÃ¢meras pegou ela vÃ¡rias vezes e da pra ver os locais de ataque.<br>PorÃ©m as cÃ¢meras nÃ£o pegaram o ataque.<br>Gostaria de saber porque as cÃ¢meras nÃ£o pegaram o ataque.,1,1,neutro,neutro
Ela matou uma onÃ§a parda que Ã© bem menor. A onÃ§a parda nÃ£o tem rugido e sim miado.,1,1,neutro,neutro
"â€‹@EduEd-m8jOnde vocÃª Mora Hoje em dia, antigamente era uma floresta tambÃ©m, ou seja, vocÃª tambÃ©m estÃ¡ em um espaÃ§o que pertencia aos animais, o mais correto seria vocÃª mudar de planeta.",1,1,neutro,neutro
"Verdade ğŸ¤” aparÃªncia atÃ© de ser menor do que mostrava o vÃ­deo, vÃ­deo mostra uma onÃ§a bem maior ... Gorda ğŸ¤”",1,1,neutro,neutro
@@JoselitaCostadasilva quando digo &quot;o lar delas&quot; me refiro a natureza como um todo... as pessoas nÃ£o costumam destruir a natureza?,1,1,neutro,neutro
O pior que tem um problema que se ela comeÃ§ou a comer ser humano ela vai querer comer mais que a surpresa fÃ¡cil sem um âš ï¸,1,1,neutro,neutro
E lamentÃ¡vel  esse episÃ³dio  mas resumindo  nÃ£o brinque jamais com a natureza  sempre haverÃ¡ a lei do retorno  o santuÃ¡rio do mundo selvagem e pra se apreciar conviver e amar e jamais  se destruir explorar violar a prÃ³pria natureza o reino animal estÃ¡ no seu habitat  quando se sente ameaÃ§ado e fatal sua ira portanto vamos viver em paz conosco e com a natureza e tÃ£o bela em todos os aspectos amar preservar pois virÃ£o outras geraÃ§Ãµes faÃ§amos nossa parte a cada dia um abraÃ§o a todos dessa matÃ©ria,1,1,neutro,neutro
"â€‹@@ctmesquitajr1quanta ignorÃ¢ncia,  o animal Ã© um ser irracional, estava idoso, com fome e com dificu <a href=""https://www.youtube.com/watch?v=lV3ij_QPp78&amp;t=6"">0:06</a> ldade de caÃ§ar e bem abaixo do peso, Pegou a presa que estava mais assessivel, lamento muito pelo seu Jorge, mas nesse caso os dois sÃ£o vitimas, nÃ£o adianta ficar com raiva do animal.",1,1,neutro,neutro
E o mais engraÃ§ado Ã© que preferem defender a onÃ§a,1,1,neutro,neutro
esses caras ai so porque estudaram sabem de tudo vai pro pantanal fica de cara com uma pintada ai eu quero ver manÃ©,1,1,neutro,neutro
Cada vez mais vÃ­deos sem nexo,0,0,negativo,negativo
Pq ele andava sem arma de fogo  e um bom facao,1,1,neutro,neutro
"Os turistas pescadores costumam alimentar as onÃ§as com peixes , isto acabou deixando ela sem medo do se4 humano, espero que tenha sido uma morte rÃ¡pida, hÃ¡ vÃ­deo com ela perseguindo ele na passarela , ainda vÃ£o mostrar , olha que ele lutou cara , lutou muito !",1,1,neutro,neutro
Esse Brasil Ã© uma vergonha  um homem sozinho no meio de um perigo desse nÃ£o pode se proteger,1,1,neutro,neutro
"Avisado foi,",1,1,neutro,neutro
VocÃª que Ã© Phoda! ğŸ˜‚ğŸ˜‚ğŸ˜‚,1,1,neutro,neutro
"Kkkkkk seres humanos sÃ£o burros msm, amigo nÃ£o tem certo e errado nessa histÃ³ria. OnÃ§a tava com fome e foi comer, fim. MÃ£e natureza fazendo o papel que sempre fez. Fala babaquice por causa das suas emoÃ§Ãµes nÃ£o",1,1,neutro,neutro
"Vilela vc Ã© um pe no saco. Nao surpreende com suas perguntas, analises, senso critico. SÃ³ repete o Ã³bvio e faz o retÃ³rico. Suas perguntas e analises sao intediantes...   &quot;InteligÃªncia&quot; no nome Ã© uma contradiÃ§Ã£o... devia se chamar &quot;bobalhÃ£o&quot;... o que salva seu podcast sao os convidados que ainda aceitam ir.",0,1,negativo,neutro
Os animais tÃªm mais valor do que um ser humano hj em dia.,1,1,neutro,neutro
vc deve estar louco. SÃ³ pode.,1,1,neutro,neutro
Eu creio que essa onÃ§a que pegaran nÃ£o e a mesma que. Atacou seu Jorge,1,1,neutro,neutro
"Esse caso vai ficar muito falado ...nosso Deus  imagina na hora do ataque  ,sem pessoas por perto e talvez sem  cachorro",1,1,neutro,neutro
â€‹@@MaiconDemetriospare de escrever mentiras absurdos e sandices e vÃ¡ estudar para nÃ£o morrer ignorante.,1,1,neutro,neutro
Lugar de onÃ§a nÃ£o Ã© pra humano,1,1,neutro,neutro
A natureza da sinal,1,1,neutro,neutro
NÃ£o seria mais fÃ¡cil ele matar e jogar no rio pros jares comer?,1,1,neutro,neutro
MoÃ§a que deu mole foi o senhor alimento elas no quintal,1,1,neutro,neutro
Elas matam os animais tambÃ©m ğŸ˜¢,1,1,neutro,neutro
Deus guarde seu Jorginho ğŸ™ A onÃ§a Ã© um dos animais mais magnÃ­ficos e poderosos da Terra.,1,1,neutro,neutro
Quem comete crime e o ser humano.,1,1,neutro,neutro
A vide do ser humano vale mais q a dos bichos era pra ter era matado nÃ£o cuidado  dele,1,1,neutro,neutro
serÃ¡ que Ã© verdade brunÃ£o?  primeiro Ã³bito sem vestÃ­vel?,1,1,neutro,neutro
Tem que ter uma dose,1,1,neutro,neutro
"â€‹â€‹@@edvaniosantana9587 falaram no comeÃ§o do video, ai ele tÃ¡ repetindo pra pagar de inteligente kkkkkkkkkkkk",1,1,neutro,neutro
Ã‰ muito sensacionalismo. Chega de mimimi. Respeitem os familiares.,0,2,negativo,positivo
"EstÃ¡ certo  tem que pegar  viva e faze pesquisa  e tem que colocar  no rincito atÃ© sua morte  mais <a href=""http://antes.de/"">antes.de</a> morre por na tural tem que estÃ¡ observando  ela o instinto dela hÃ¡ seres humanos e descrubi   o que foi mesmo  para ela ataca senhor  Jorge  que.deus colocar  em bom lugar  que Deus da conforto  na vida deles",1,1,neutro,neutro
Imagino o desespero dessa pessoa,1,1,neutro,neutro
2 caras que sÃ£o feras no assunto.<br>E traduzindo o assunto o homem e o cÃ¢ncer do planeta acaba com os animais acaba com a natureza,1,1,neutro,neutro
"Tem vÃ¡rios canais desvalorizando a profissÃ£o biÃ³logo colocando o vÃ­deo do Ã­ndio falando o contrÃ¡rio, brasileiro Ã© burro nÃ£o sabe valorizar quem estuda e estÃ¡ aqui para ajudar",1,1,neutro,neutro
Gente.    SÃ£o trÃªs animais certo se um pegou.    Os dois tmb.  Vai.   Tem quer pegar e levar eles embora da ir.,1,1,neutro,neutro
Sim tem Imagens do Ataque! PorÃ©m a FamÃ­lia nÃ£o Vai divulgar! Aumentaria o sofrimento....ğŸ˜¢,1,1,neutro,neutro
Importante que as pessoas saibam conviver com os animais. Nunca matem os animais. O ser humano Ã© sempre o responsÃ¡vel e nunca o animal. O ser humano Ã© capaz de construir instalaÃ§Ãµes para se proteger e os animais buscam sobreviver em um mundo cada vez mais escasso de comida.,1,1,neutro,neutro
Vc tem que tirar mas resto da onÃ§a que ficaram lÃ¡ meu Deus,1,1,neutro,neutro
"O MEDO Ã© algo essencial para a nossa sobrevivÃªncia, o problema Ã© que o ser humano subestima as coisas por se achar inteligente demais, de fato ele nÃ£o teve medo, e talvez pelo costume em conviver com esses animais confiou que ela nÃ£o o atacaria.ğŸ˜¢",1,1,neutro,neutro
"Capturaram uma, tem que ser pego as outras duas, sao trÃªs onÃ§as que iam na casa do caseiro",1,1,neutro,neutro
As vezes Deus tava atÃ© usando esse cara pra alertar o senhor atacado pela onÃ§a,1,1,neutro,neutro
"Reportagem excelente, prende do comeÃ§o ao fim",2,2,positivo,positivo
"Bom, falo por mim, se eu morasse ou passasse um tempo nesses locais de mato, sÃ³ sairia com minha espingarda ou arma de porte capaz de abater um animal desses. Acho que houve imprudÃªncia!",1,1,neutro,neutro
"Cara vive em local desse sem tomar cuidado, anda como se nada fosse acontecer, agora vÃ£o culpar o animal pq o cara tava  panguando.",1,1,neutro,neutro
"era pra ter no mÃ­nimo uma cerca de arame farpado ou elÃ©trica na propriedade, jÃ¡ que Ã© comum a presenÃ§a do felino na regiÃ£o.",1,1,neutro,neutro
pqp!!! animal vivo????? pq nÃ£o mataram essa besta selvagem que tirou uma vida humana!!! absurdo! so nesse paÃ­s mesmo!,1,1,neutro,neutro
Verdade Ã©:<br>Veio alimentava a OnÃ§a.,1,1,neutro,neutro
meu pai fez uma expedicao de kayak ao rio miranda recentemente e relatou que la havia uma area que usavam pra alimentar as oncas para turistas tirarem fotos e foi bem aonde as oncas comiam que eles acamparam inclusive fizeram peixes e carnes so deixaram os restos cujo quais nao estavam na manha seguinte mas ngm se machucou ou saiu ferido gracas a deus de manha m frente as barracas so haviam rastros e pegadas,1,1,neutro,neutro
&quot;onÃ§a nÃ£o ataca o ser humano&quot;<br><br>biÃ³logo de condomÃ­nio,1,1,neutro,neutro
Isso Ã© imoral,1,1,neutro,neutro
T,1,1,neutro,neutro
"Depois dessa tragÃ©dia, onÃ§a vai ser extinta do Brasil pois vÃ£o comeÃ§ar a matar todas que verem !",1,1,neutro,neutro
"Para mim, oque realmente aconteceu foi que abateram a onÃ§a no momento que a encontraram, essa onÃ§a deve ser outra que tambÃ©m rondava o pesqueiro, jÃ¡ que eram 2.",1,1,neutro,neutro
"Entrega o caso para o CabeÃ§a de Ovo Podre, que ele abre um inquÃ©rito e manda prender e dÃ¡ uma pena de 17 anos de prisÃ£o para a onÃ§a pintada.",1,1,neutro,neutro
Depois disso a onÃ§a vai comprar carne no aÃ§ougue porque caÃ§ar no seu habitat nÃ£o pode mais,1,1,neutro,neutro
Esse senhor trabalhava sem seguranÃ§a,1,1,neutro,neutro
Cachorro? Kkkkk esses bixo arrasta uma vaca adulta igual uma sacola vazia,1,1,neutro,neutro
Seu nome parece mais de botâ€‹@@Knelpz,1,1,neutro,neutro
"Acidente por falta de cuidado , as jurarcas nÃ£o se alimentam de Humanas , mas o Animal que matambm no Brasil , outras cobras, os mosquitos , o.Aedes mata mais que cobras! SÃ³ nÃ£o comem Humanos , o Fato desta onÃ§as comerem a carne Humana deve ser investigado,  Atacar o Ser Humano , o Java Porco Atacam ,  invadem e atacam, morar no Mato sem Cachorro ? Naquele Locas no mÃ­nimo 5 cachorros para tomar conta do.perimetro evitar ataques,   todas as chacaas precisam ter cachorros , e uma questÃ£o de seguranÃ§a! Um absurdo nÃ£o.ter cachorros naquele lugar cheio de animais Selvagens, se tem.onÃ§a e ligar Selvagem ,Ã³bvio,,CÃ£es Pastores sÃ£o usados a centenas de anos para proteger o Gado e os Humanos , no mundo , onÃ§as Pardas , Tigres , e lobos , ataques de lobos nos USA e CanadÃ¡ por exemplo,  um erro imaginar que OnÃ§as pintadas convivem bem com Humanos e pode atÃ© ser Bicho de estimaÃ§Ã£o,  Erro Grave ! Acreditar que onÃ§as nÃ£o atacam ser Humano ! mesmo a OnÃ§a Parda atacam , depende da situaÃ§Ã£o,  Elas caÃ§am.Humanos , nÃ£o!  CaÃ§ar Ã© atacar sÃ£o cousas Bem  diferentes , vÃ¡rios animais Selvagens atacam seres Humanos ! CaÃ§ar para comer apenas alguns,   outra mentira Ã© que as Orcas nÃ£o atacam.o ser Humano , mesma que as onÃ§as,  nÃ£o caÃ§am nÃ£o se alimentam,  mas podem atacar sim ! Depende!  Arriscar ser atacado por um animal poderoso como as OnÃ§as e  falta de informaÃ§Ã£o! O governo deve Obrigas os Propietarios de sÃ­tios,  pesqueiro onde tem incas a ter cachorros.mimino 4 por questÃµes dr seguranÃ§a dos Humanos que morar naquele local , deveriam ter Sarue tambÃ©m. Cobras invadem as casas",1,1,neutro,neutro
"Se vocÃª mora em una regiÃ£o de mata que tem onÃ§a ela vai atacar os  cÃ£es,  galinhas, gado e etc, o animal se tiver oportunidade vai querer atacar os bichos domÃ©sticos que daÃ­ menos trabalho que um jacarÃ© ou porcos selvagens.",1,1,neutro,neutro
Poco bostağŸ˜‚,0,0,negativo,negativo
Muito parabÃ©ns pela reportagem sem enrolaÃ§Ã£o,2,2,positivo,positivo
ğŸ˜”ğŸ˜”ğŸ˜”,1,1,neutro,neutro
"Eu fico  mais sentido com as caÃ§a as bruxas com as onÃ§as  esse senhor sabia do perigo por causa dele vÃ£o  matar vÃ¡rias onÃ§as,  diga se de passa um animal em extinÃ§Ã£o ğŸ˜¢ğŸ˜¢ğŸ˜¢ğŸ˜¢ğŸ˜¢ğŸ˜¢ğŸ˜¢",1,1,neutro,neutro
"no meu pouco conhecimento, nunca acreditei que este felino poderia caÃ§ar humanos, eu sempre soube que eles poderia matar o humano, mas nÃ£o caÃ§ar, se ela estiver comendo uma caÃ§a, e voce passar perto, ela te ataca isso Ã© obvil, ataca e mata, se estiver no cio tambem te ataca, se estiver de filhote, tambem te ataca, mas caÃ§ar o humano, jamais, isso surpreendeu muitos estudiosos, ela vÃª o humano como predador dela, ela ataca pra se defender, mas agora esta provado que somos presas.",1,1,neutro,neutro
Isso mesmo ğŸ‘ğŸ‘ğŸ‘,1,1,neutro,neutro
Se  fosse com meu familiar eu mataria a onÃ§a tambÃ©m,1,1,neutro,neutro
"Eu tbm penso assim,  ele parecia ser muito gentil n sÃ³ com os humanos â¤",1,1,neutro,neutro
Sofrimento desse homem,1,1,neutro,neutro
Quem tem gato sabe o poder e a forÃ§a q esses bichinhos tem. Isso um gatinho que mal pesa 2kg,1,1,neutro,neutro
"@ ta bom minha irmÃ£, me perdoe entÃ£o ğŸ™ğŸ¼",1,1,neutro,neutro
"<a href=""https://www.youtube.com/watch?v=CUf1T3dPFj4&amp;t=89"">1:29</a> que tristeza ver esse vÃ­deo depois:/",1,1,neutro,neutro
Top demais essa matÃ©ria ğŸ‘ğŸ‘,2,2,positivo,positivo
HÃ¡ um depoimento em vÃ­deo de uma pessoa do local descrevendo o ataque. <br>Ela diz que viu tudo o que as cÃ¢meras gravaram. SÃ³ que os vÃ­deos ainda nÃ£o foram divulgados.,1,1,neutro,neutro
InacreditÃ¡vel mesmo,1,1,neutro,neutro
"Pois Ã© kkkk,um animal selvagem,equipado naturalmente para predar,traiÃ§oeira,que chance um ser humano desarmado tem contra um bicho destes,kkk",1,1,neutro,neutro
Pega esse.careca e manda ele fica lÃ¡ ver se a onÃ§a nÃ£o come ele aÃ­ quero ver ele defender  onÃ§a,0,1,negativo,neutro
Entendi nada,0,1,negativo,neutro
Tudo culpa do homem...aquecimento global...desmatamento....inundaÃ§Ãµes...,1,1,neutro,neutro
Caracas ela tem essa mente mesmo serÃ¡?,1,1,neutro,neutro
"<b>SE CORRER BICHO PEGA , SE FICAR O BICHO COME</b>",1,1,neutro,neutro
"Tem muitos vÃ­deos falsos, muitas notÃ­cias falsas, nem tudo que a mÃ­dia dÃ¡ notÃ­cias Ã© verdade.",1,0,neutro,negativo
"@@sergiobrito2532 Relaxa baby, estÃ¡ falando por vc eh!!.. Nem todo o homem Ã© frouxo, embora o Bostil esteja quase cheio...ğŸ’©",1,1,neutro,neutro
NÃ£o tenha dÃºvida ataca e mata <br>Agora mora num Pantanal saber q tem onÃ§a e sair desarmado Ã© brinca com a sorte,1,1,neutro,neutro
ele deveria usar mais cÃ¢meras pra monitorar a Ã¡rea da casa!,1,1,neutro,neutro
PARABÃ‰NS PRA ONÃ‡A ğŸ‘,1,1,neutro,neutro
"Os outros animais,se provaram carne  humana,poder tem entÃ£o, a mesma atitude cim outros  humanos.",1,1,neutro,neutro
Meus sinceros sentimentos para os familiares e amigos ğŸ˜¢ğŸ˜¢,1,1,neutro,neutro
PELOS COMENTARIOS IDIOTAS AQUI SO TEM &quot;ESPECIALISTAS&quot;. O BRASILEIRO SENDO BRASILEIRO O CEREBRO E A A BOCA NAO ESTAO CONECTADOS. FALA ASNEIRA E BABAQUICE O TEMPO TODO.,1,1,neutro,neutro
"Senhores desculpe a minha ignorÃ¢ncia, esses animais tem quÃª serem abatidos urgentemente, saber porquÃª, se os trÃªs animais provaram a carnes do corpo do Sr. Jorge eles vÃ£o com certeza atacar outros seres humanos quÃª vivem na mesma regiÃ£o do habitat deles.",1,1,neutro,neutro
"Bruno, toma um rocutan. Vai no dermatologista",1,1,neutro,neutro
"Os caras jamais imaginava que a brincadeira ia se tornar realidade,  infelizmente subestimar um animal selvagem nÃ£o e a melhor ideia, a famÃ­lia ficou sem um parente querido, quando avistar esse tipo de animal selvagem ja liguem logo pra polÃ­cia ambiental.",1,1,neutro,neutro
"O ser humano colocou a espÃ©cie da OnÃ§a pintada em extinÃ§Ã£o,  quantas onÃ§as os humanos jÃ¡ mataram? Agora a onÃ§a faz seu trabalho de predadora e causa essa repercussÃ£o toda. E sÃ³ preservar o habitat natural delas.",1,1,neutro,neutro
"Na verdade foi duas onÃ§a porque tudo indica que as onÃ§a estÃ£o no perÃ­odo de acasalamento,  e quando acontece isso a onÃ§a gosta de ficar perto do rios. Julho a final de setembro:<br><br>Durante a seca, as onÃ§as-pintadas ficam mais prÃ³ximas das margens dos rios em busca de Ã¡gua e alimento, facilitando a observaÃ§Ã£o em locais como o Pantanal, segundo guias",1,1,neutro,neutro
"uma tragÃ©dia oq aconteceu com o caseiro, mas espero que esse caso nÃ£o resulte numa retaliaÃ§Ã£o contra a espÃ©cie do animal, que estÃ¡ apenas sobrevivendo em seu habitat que diminui cada vez mais a cad ano...",1,1,neutro,neutro
E se eu jÃ¡ vi,1,1,neutro,neutro
Vai achar o que faz...,0,1,negativo,neutro
"O animal jÃ¡ tava observando sÃ³ que ele nÃ£o percebeu o risco, infelizmente esses ambientes nÃ£o sÃ£o os primeiros",1,1,neutro,neutro
"A onÃ§a tÃ¡ no lugar dela, o homem Ã© que nÃ£o deveria estÃ¡ lÃ¡, estÃ£o destruindo o abtate dos animais, mais tudo Ã© culpada do agro que nÃ£o se contenta com nada e precisa destruir a natureza e tudo que ali vivi",1,1,neutro,neutro
"â€‹@@frank2007frank nÃ£o existem vÃ¡rios casos assim com outras espÃ©cies tambÃ©m, me recordo de um tigre indiano e um jacarÃ© na Ãfrica que depois de conseguir se alimentar de humanos os tem como presa, e continua se alimento.",1,1,neutro,neutro
MEU DEUS. QUE TRISTEğŸ˜¢ğŸ˜¢,1,1,neutro,neutro
"Meu vizinho foi m<a href=""http://www.youtube.com/results?search_query=%23rto"">#rto</a> e devorado pelo proprio cachorro dele. so fomos descobrir quando comecou a feder. o pitbul se alimentou com os restos mortais. sena horrivel que eu nunca mais consegui esquecer",1,1,neutro,neutro
Ã‰ sÃ³ levar o animal pra casa desses jornalistas.,1,1,neutro,neutro
fake! sÃ³ pra da visualizaÃ§Ã£o.,0,0,negativo,negativo
"Ele nÃ£o diz isso coisa nenhuma! Pelo contrÃ¡rio, ele deixa claro que nÃ³s nÃ£o somos parte dos alimentos, mas pode existir casos e casos devido a diversos fatores. NÃ£o venha desqualificar o biÃ³logo pq tu jÃ¡ se banhou numa Ã¡gua de rio.",1,1,neutro,neutro
"Tadinho do Jorge,descanse em paz ğŸ’”ğŸ–¤ğŸ¥€ğŸ˜­",1,1,neutro,neutro
Coitado desse senhor ğŸ˜¢,1,1,neutro,neutro
Esqueceu de citar ganÃ¢ncia!,1,1,neutro,neutro
O meu tio foi comido pera uma onÃ§a ğŸ˜­ğŸ˜­e eu nem tinha nasido,1,1,neutro,neutro
Eu acho que a onÃ§a deveria ser morta tambÃ©m ela tirou uma vida que tava trabalhando ğŸ˜¢a onÃ§a Ã© assasina e tara logo fazendo mas vÃ­tima ğŸ˜¢ğŸ˜¢,1,1,neutro,neutro
"NÃ£o tÃ´ vendo o animal ser colocada como prioridade, infelizmente aconteceu o ataque a culpa nÃ£o, Ã© do animal culpado sÃ£o os seres humanos, mesmo que tem raciocÃ­nio, mais nÃ£o dar importÃ¢ncia paras os avisos  natureza, os bicho ele nÃ£o tem raciocÃ­nio, como nÃ³s , quem tem menos culpa ai Ã© o animal, ela tÃ¡ fazendo o papel dela de caÃ§adora",1,1,neutro,neutro
